model_group,model_name,target_definition,target,evaluation_subgroup,pr_auc,recall,precision,f1,balanced_accuracy,false_negatives,false_positives,true_positives,true_negatives,n_test,n_positive_events,event_prevalence
naive_persistence,A_cell_p25_persistence_rule,A_original_decline_state,decline_event_next,full_sample,0.878451557327949,0.8059701492537313,0.8571428571428571,0.8307692307692308,0.7666214382632293,26,18.0,108,48.0,200,134,0.67
naive_persistence,B_fixed_low_canopy_005_rule,A_original_decline_state,decline_event_next,full_sample,0.8933121498059012,0.664179104477612,0.8317757009345794,0.7385892116182573,0.6957259158751696,45,18.0,89,48.0,200,134,0.67
naive_persistence,C_lag1_low_state_rule,A_original_decline_state,decline_event_next,full_sample,0.8664149911383925,0.7985074626865671,0.816793893129771,0.8075471698113208,0.7174355495251017,27,24.0,107,42.0,200,134,0.67
naive_persistence,D_recent_declining_trajectory_rule,A_original_decline_state,decline_event_next,full_sample,0.6166813417221668,0.7014925373134329,0.6573426573426573,0.6787003610108303,0.4795341474445952,40,49.0,94,17.0,200,134,0.67
naive_persistence,A_cell_p25_persistence_rule,A_original_decline_state,decline_event_next,current_canopy_gt_0_05,0.8066000896632758,0.6,0.84375,0.7012987012987013,0.7479166666666667,18,5.0,27,43.0,93,45,0.4838709677419355
naive_persistence,B_fixed_low_canopy_005_rule,A_original_decline_state,decline_event_next,current_canopy_gt_0_05,0.5727736042590641,0.0,0.0,0.0,0.5,45,0.0,0,48.0,93,45,0.4838709677419355
naive_persistence,C_lag1_low_state_rule,A_original_decline_state,decline_event_next,current_canopy_gt_0_05,0.7672448257351374,0.6222222222222222,0.6666666666666666,0.6436781609195402,0.6652777777777779,17,14.0,28,34.0,93,45,0.4838709677419355
naive_persistence,D_recent_declining_trajectory_rule,A_original_decline_state,decline_event_next,current_canopy_gt_0_05,0.5115325457250222,0.5777777777777777,0.4482758620689655,0.5048543689320388,0.4555555555555555,19,32.0,26,16.0,93,45,0.4838709677419355
naive_persistence,A_cell_p25_persistence_rule,A_original_decline_state,decline_event_next,current_canopy_ge_historical_p50,0.2632009416615828,0.0,0.0,0.0,0.5,15,0.0,0,34.0,49,15,0.30612244897959184
naive_persistence,B_fixed_low_canopy_005_rule,A_original_decline_state,decline_event_next,current_canopy_ge_historical_p50,0.2433033430417273,0.13333333333333333,0.3333333333333333,0.19047619047619047,0.5078431372549019,13,4.0,2,30.0,49,15,0.30612244897959184
naive_persistence,C_lag1_low_state_rule,A_original_decline_state,decline_event_next,current_canopy_ge_historical_p50,0.29124632155789315,0.13333333333333333,0.18181818181818182,0.15384615384615385,0.4343137254901961,13,9.0,2,25.0,49,15,0.30612244897959184
naive_persistence,D_recent_declining_trajectory_rule,A_original_decline_state,decline_event_next,current_canopy_ge_historical_p50,0.22068132848828861,0.06666666666666667,0.047619047619047616,0.05555555555555555,0.2392156862745098,14,20.0,1,14.0,49,15,0.30612244897959184
naive_persistence,A_cell_p25_persistence_rule,A_original_decline_state,decline_event_next,current_canopy_ge_historical_p75,0.20012309917219248,0.0,0.0,0.0,0.5,7,0.0,0,19.0,26,7,0.2692307692307692
naive_persistence,B_fixed_low_canopy_005_rule,A_original_decline_state,decline_event_next,current_canopy_ge_historical_p75,0.19396555825127254,0.0,0.0,0.0,0.4473684210526316,7,2.0,0,17.0,26,7,0.2692307692307692
naive_persistence,C_lag1_low_state_rule,A_original_decline_state,decline_event_next,current_canopy_ge_historical_p75,0.1893570545627158,0.0,0.0,0.0,0.34210526315789475,7,6.0,0,13.0,26,7,0.2692307692307692
naive_persistence,D_recent_declining_trajectory_rule,A_original_decline_state,decline_event_next,current_canopy_ge_historical_p75,0.19464957919926862,0.0,0.0,0.0,0.21052631578947367,7,11.0,0,8.0,26,7,0.2692307692307692
naive_persistence,A_cell_p25_persistence_rule,B_at_risk_original_decline_gt005,decline_event_next_at_risk_gt005,full_sample,0.8066000896632758,0.6,0.84375,0.7012987012987013,0.7479166666666667,18,5.0,27,43.0,93,45,0.4838709677419355
naive_persistence,B_fixed_low_canopy_005_rule,B_at_risk_original_decline_gt005,decline_event_next_at_risk_gt005,full_sample,0.5727736042590641,0.0,0.0,0.0,0.5,45,0.0,0,48.0,93,45,0.4838709677419355
naive_persistence,C_lag1_low_state_rule,B_at_risk_original_decline_gt005,decline_event_next_at_risk_gt005,full_sample,0.7672448257351374,0.6222222222222222,0.6666666666666666,0.6436781609195402,0.6652777777777779,17,14.0,28,34.0,93,45,0.4838709677419355
naive_persistence,D_recent_declining_trajectory_rule,B_at_risk_original_decline_gt005,decline_event_next_at_risk_gt005,full_sample,0.5115325457250222,0.5777777777777777,0.4482758620689655,0.5048543689320388,0.4555555555555555,19,32.0,26,16.0,93,45,0.4838709677419355
naive_persistence,A_cell_p25_persistence_rule,B_at_risk_original_decline_gt005,decline_event_next_at_risk_gt005,current_canopy_gt_0_05,0.8066000896632758,0.6,0.84375,0.7012987012987013,0.7479166666666667,18,5.0,27,43.0,93,45,0.4838709677419355
naive_persistence,B_fixed_low_canopy_005_rule,B_at_risk_original_decline_gt005,decline_event_next_at_risk_gt005,current_canopy_gt_0_05,0.5727736042590641,0.0,0.0,0.0,0.5,45,0.0,0,48.0,93,45,0.4838709677419355
naive_persistence,C_lag1_low_state_rule,B_at_risk_original_decline_gt005,decline_event_next_at_risk_gt005,current_canopy_gt_0_05,0.7672448257351374,0.6222222222222222,0.6666666666666666,0.6436781609195402,0.6652777777777779,17,14.0,28,34.0,93,45,0.4838709677419355
naive_persistence,D_recent_declining_trajectory_rule,B_at_risk_original_decline_gt005,decline_event_next_at_risk_gt005,current_canopy_gt_0_05,0.5115325457250222,0.5777777777777777,0.4482758620689655,0.5048543689320388,0.4555555555555555,19,32.0,26,16.0,93,45,0.4838709677419355
naive_persistence,A_cell_p25_persistence_rule,B_at_risk_original_decline_gt005,decline_event_next_at_risk_gt005,current_canopy_ge_historical_p50,0.2285718468278995,0.0,0.0,0.0,0.5,13,0.0,0,30.0,43,13,0.3023255813953488
naive_persistence,B_fixed_low_canopy_005_rule,B_at_risk_original_decline_gt005,decline_event_next_at_risk_gt005,current_canopy_ge_historical_p50,0.2095331181227087,0.0,0.0,0.0,0.5,13,0.0,0,30.0,43,13,0.3023255813953488
naive_persistence,C_lag1_low_state_rule,B_at_risk_original_decline_gt005,decline_event_next_at_risk_gt005,current_canopy_ge_historical_p50,0.24459811443022178,0.0,0.0,0.0,0.36666666666666664,13,8.0,0,22.0,43,13,0.3023255813953488
naive_persistence,D_recent_declining_trajectory_rule,B_at_risk_original_decline_gt005,decline_event_next_at_risk_gt005,current_canopy_ge_historical_p50,0.22459954691904327,0.07692307692307693,0.058823529411764705,0.06666666666666667,0.27179487179487183,12,16.0,1,14.0,43,13,0.3023255813953488
naive_persistence,A_cell_p25_persistence_rule,B_at_risk_original_decline_gt005,decline_event_next_at_risk_gt005,current_canopy_ge_historical_p75,0.2237267634326458,0.0,0.0,0.0,0.5,7,0.0,0,17.0,24,7,0.2916666666666667
naive_persistence,B_fixed_low_canopy_005_rule,B_at_risk_original_decline_gt005,decline_event_next_at_risk_gt005,current_canopy_ge_historical_p75,0.21643597630439737,0.0,0.0,0.0,0.5,7,0.0,0,17.0,24,7,0.2916666666666667
naive_persistence,C_lag1_low_state_rule,B_at_risk_original_decline_gt005,decline_event_next_at_risk_gt005,current_canopy_ge_historical_p75,0.20996782771079447,0.0,0.0,0.0,0.35294117647058826,7,5.0,0,12.0,24,7,0.2916666666666667
naive_persistence,D_recent_declining_trajectory_rule,B_at_risk_original_decline_gt005,decline_event_next_at_risk_gt005,current_canopy_ge_historical_p75,0.2165553744501113,0.0,0.0,0.0,0.23529411764705882,7,9.0,0,8.0,24,7,0.2916666666666667
naive_persistence,A_cell_p25_persistence_rule,C_new_decline_transition,new_decline_event_next,full_sample,0.07846464890985863,0.0,0.0,0.0,0.13793103448275862,26,126.0,0,48.0,200,26,0.13
naive_persistence,B_fixed_low_canopy_005_rule,C_new_decline_transition,new_decline_event_next,full_sample,0.0823146873651066,0.3076923076923077,0.07476635514018691,0.12030075187969924,0.3693633952254642,18,99.0,8,75.0,200,26,0.13
naive_persistence,C_lag1_low_state_rule,C_new_decline_transition,new_decline_event_next,full_sample,0.09885589713245069,0.5,0.09923664122137404,0.16560509554140126,0.4109195402298851,13,118.0,13,56.0,200,26,0.13
naive_persistence,D_recent_declining_trajectory_rule,C_new_decline_transition,new_decline_event_next,full_sample,0.07704379092275711,0.19230769230769232,0.03496503496503497,0.05917159763313609,0.19960212201591512,21,138.0,5,36.0,200,26,0.13
naive_persistence,A_cell_p25_persistence_rule,C_new_decline_transition,new_decline_event_next,current_canopy_gt_0_05,0.12996686406032137,0.0,0.0,0.0,0.2866666666666667,18,32.0,0,43.0,93,18,0.1935483870967742
naive_persistence,B_fixed_low_canopy_005_rule,C_new_decline_transition,new_decline_event_next,current_canopy_gt_0_05,0.12935830639442275,0.0,0.0,0.0,0.5,18,0.0,0,75.0,93,18,0.1935483870967742
naive_persistence,C_lag1_low_state_rule,C_new_decline_transition,new_decline_event_next,current_canopy_gt_0_05,0.14868951183451934,0.2777777777777778,0.11904761904761904,0.16666666666666666,0.39222222222222225,13,37.0,5,38.0,93,18,0.1935483870967742
naive_persistence,D_recent_declining_trajectory_rule,C_new_decline_transition,new_decline_event_next,current_canopy_gt_0_05,0.12344898282339042,0.16666666666666666,0.05172413793103448,0.07894736842105263,0.21666666666666667,15,55.0,3,20.0,93,18,0.1935483870967742
naive_persistence,A_cell_p25_persistence_rule,C_new_decline_transition,new_decline_event_next,current_canopy_ge_historical_p50,0.2632009416615828,0.0,0.0,0.0,0.5,15,0.0,0,34.0,49,15,0.30612244897959184
naive_persistence,B_fixed_low_canopy_005_rule,C_new_decline_transition,new_decline_event_next,current_canopy_ge_historical_p50,0.2433033430417273,0.13333333333333333,0.3333333333333333,0.19047619047619047,0.5078431372549019,13,4.0,2,30.0,49,15,0.30612244897959184
naive_persistence,C_lag1_low_state_rule,C_new_decline_transition,new_decline_event_next,current_canopy_ge_historical_p50,0.29124632155789315,0.13333333333333333,0.18181818181818182,0.15384615384615385,0.4343137254901961,13,9.0,2,25.0,49,15,0.30612244897959184
naive_persistence,D_recent_declining_trajectory_rule,C_new_decline_transition,new_decline_event_next,current_canopy_ge_historical_p50,0.22068132848828861,0.06666666666666667,0.047619047619047616,0.05555555555555555,0.2392156862745098,14,20.0,1,14.0,49,15,0.30612244897959184
naive_persistence,A_cell_p25_persistence_rule,C_new_decline_transition,new_decline_event_next,current_canopy_ge_historical_p75,0.20012309917219248,0.0,0.0,0.0,0.5,7,0.0,0,19.0,26,7,0.2692307692307692
naive_persistence,B_fixed_low_canopy_005_rule,C_new_decline_transition,new_decline_event_next,current_canopy_ge_historical_p75,0.19396555825127254,0.0,0.0,0.0,0.4473684210526316,7,2.0,0,17.0,26,7,0.2692307692307692
naive_persistence,C_lag1_low_state_rule,C_new_decline_transition,new_decline_event_next,current_canopy_ge_historical_p75,0.1893570545627158,0.0,0.0,0.0,0.34210526315789475,7,6.0,0,13.0,26,7,0.2692307692307692
naive_persistence,D_recent_declining_trajectory_rule,C_new_decline_transition,new_decline_event_next,current_canopy_ge_historical_p75,0.19464957919926862,0.0,0.0,0.0,0.21052631578947367,7,11.0,0,8.0,26,7,0.2692307692307692
naive_persistence,A_cell_p25_persistence_rule,D_actionable_decline_drop,actionable_decline_drop_next,full_sample,0.1192026142683774,0.23529411764705882,0.06349206349206349,0.1,0.26222537207654145,26,118.0,8,48.0,200,34,0.17
naive_persistence,B_fixed_low_canopy_005_rule,D_actionable_decline_drop,actionable_decline_drop_next,full_sample,0.09907694881832191,0.0,0.0,0.0,0.17771084337349397,34,107.0,0,59.0,200,34,0.17
naive_persistence,C_lag1_low_state_rule,D_actionable_decline_drop,actionable_decline_drop_next,full_sample,0.17065086216002162,0.38235294117647056,0.09923664122137404,0.15757575757575756,0.33575478384124735,21,118.0,13,48.0,200,34,0.17
naive_persistence,D_recent_declining_trajectory_rule,D_actionable_decline_drop,actionable_decline_drop_next,full_sample,0.11012193711601495,0.35294117647058826,0.08391608391608392,0.13559322033898305,0.2818922749822821,22,131.0,12,35.0,200,34,0.17
naive_persistence,A_cell_p25_persistence_rule,D_actionable_decline_drop,actionable_decline_drop_next,current_canopy_gt_0_05,0.28255101376490854,0.23529411764705882,0.25,0.24242424242424243,0.41425722831505485,26,24.0,8,35.0,93,34,0.3655913978494624
naive_persistence,B_fixed_low_canopy_005_rule,D_actionable_decline_drop,actionable_decline_drop_next,current_canopy_gt_0_05,0.27040126524605645,0.0,0.0,0.0,0.5,34,0.0,0,59.0,93,34,0.3655913978494624
naive_persistence,C_lag1_low_state_rule,D_actionable_decline_drop,actionable_decline_drop_next,current_canopy_gt_0_05,0.36075258302867286,0.38235294117647056,0.30952380952380953,0.34210526315789475,0.4454137587238285,21,29.0,13,30.0,93,34,0.3655913978494624
naive_persistence,D_recent_declining_trajectory_rule,D_actionable_decline_drop,actionable_decline_drop_next,current_canopy_gt_0_05,0.2537621195171924,0.35294117647058826,0.20689655172413793,0.2608695652173913,0.28664007976071787,22,46.0,12,13.0,93,34,0.3655913978494624
naive_persistence,A_cell_p25_persistence_rule,D_actionable_decline_drop,actionable_decline_drop_next,current_canopy_ge_historical_p50,0.38473141481571826,0.0,0.0,0.0,0.5,23,0.0,0,26.0,49,23,0.46938775510204084
naive_persistence,B_fixed_low_canopy_005_rule,D_actionable_decline_drop,actionable_decline_drop_next,current_canopy_ge_historical_p50,0.37186293162545114,0.0,0.0,0.0,0.38461538461538464,23,6.0,0,20.0,49,23,0.46938775510204084
naive_persistence,C_lag1_low_state_rule,D_actionable_decline_drop,actionable_decline_drop_next,current_canopy_ge_historical_p50,0.3726721886701799,0.08695652173913043,0.18181818181818182,0.11764705882352941,0.37040133779264217,21,9.0,2,17.0,49,23,0.46938775510204084
naive_persistence,D_recent_declining_trajectory_rule,D_actionable_decline_drop,actionable_decline_drop_next,current_canopy_ge_historical_p50,0.39647706020343126,0.2608695652173913,0.2857142857142857,0.2727272727272727,0.3419732441471572,17,15.0,6,11.0,49,23,0.46938775510204084
naive_persistence,A_cell_p25_persistence_rule,D_actionable_decline_drop,actionable_decline_drop_next,current_canopy_ge_historical_p75,0.44222058311813117,0.0,0.0,0.0,0.5,13,0.0,0,13.0,26,13,0.5
naive_persistence,B_fixed_low_canopy_005_rule,D_actionable_decline_drop,actionable_decline_drop_next,current_canopy_ge_historical_p75,0.44383255633255636,0.0,0.0,0.0,0.4230769230769231,13,2.0,0,11.0,26,13,0.5
naive_persistence,C_lag1_low_state_rule,D_actionable_decline_drop,actionable_decline_drop_next,current_canopy_ge_historical_p75,0.4070365977331921,0.15384615384615385,0.3333333333333333,0.21052631578947367,0.4230769230769231,11,4.0,2,9.0,26,13,0.5
naive_persistence,D_recent_declining_trajectory_rule,D_actionable_decline_drop,actionable_decline_drop_next,current_canopy_ge_historical_p75,0.4302237797614543,0.23076923076923078,0.2727272727272727,0.25,0.3076923076923077,10,8.0,3,5.0,26,13,0.5
logistic_canopy_baseline,E1_logistic_current_canopy_only,A_original_decline_state,decline_event_next,full_sample,0.8933121498059012,0.8656716417910447,0.7160493827160493,0.7837837837837838,0.5843509724106739,18,46.0,116,20.0,200,134,0.67
logistic_canopy_baseline,E2_logistic_current_lag_slope,A_original_decline_state,decline_event_next,full_sample,0.7000764613208688,0.7686567164179104,0.7202797202797203,0.7436823104693141,0.5812980551786522,31,40.0,103,26.0,200,134,0.67
logistic_canopy_baseline,E1_logistic_current_canopy_only,A_original_decline_state,decline_event_next,current_canopy_gt_0_05,0.5064219847297154,0.2222222222222222,0.47619047619047616,0.30303030303030304,0.4965277777777778,35,11.0,10,37.0,93,45,0.4838709677419355
logistic_canopy_baseline,E2_logistic_current_lag_slope,A_original_decline_state,decline_event_next,current_canopy_gt_0_05,0.5318012628739601,0.17777777777777778,0.42105263157894735,0.25,0.4743055555555556,37,11.0,8,37.0,93,45,0.4838709677419355
logistic_canopy_baseline,E1_logistic_current_canopy_only,A_original_decline_state,decline_event_next,current_canopy_ge_historical_p50,0.5817344684301206,0.6,0.5625,0.5806451612903226,0.6970588235294117,6,7.0,9,27.0,49,15,0.30612244897959184
logistic_canopy_baseline,E2_logistic_current_lag_slope,A_original_decline_state,decline_event_next,current_canopy_ge_historical_p50,0.6097958287399281,0.6666666666666666,0.625,0.6451612903225806,0.7450980392156863,5,6.0,10,28.0,49,15,0.30612244897959184
logistic_canopy_baseline,E1_logistic_current_canopy_only,A_original_decline_state,decline_event_next,current_canopy_ge_historical_p75,0.5989556078841793,0.5714285714285714,0.5,0.5333333333333333,0.6804511278195489,3,4.0,4,15.0,26,7,0.2692307692307692
logistic_canopy_baseline,E2_logistic_current_lag_slope,A_original_decline_state,decline_event_next,current_canopy_ge_historical_p75,0.640422077922078,0.5714285714285714,0.4444444444444444,0.5,0.6541353383458646,3,5.0,4,14.0,26,7,0.2692307692307692
logistic_canopy_baseline,E1_logistic_current_canopy_only,B_at_risk_original_decline_gt005,decline_event_next_at_risk_gt005,full_sample,0.5064219847297154,0.2222222222222222,0.47619047619047616,0.30303030303030304,0.4965277777777778,35,11.0,10,37.0,93,45,0.4838709677419355
logistic_canopy_baseline,E2_logistic_current_lag_slope,B_at_risk_original_decline_gt005,decline_event_next_at_risk_gt005,full_sample,0.5318012628739601,0.17777777777777778,0.42105263157894735,0.25,0.4743055555555556,37,11.0,8,37.0,93,45,0.4838709677419355
logistic_canopy_baseline,E1_logistic_current_canopy_only,B_at_risk_original_decline_gt005,decline_event_next_at_risk_gt005,current_canopy_gt_0_05,0.5064219847297154,0.2222222222222222,0.47619047619047616,0.30303030303030304,0.4965277777777778,35,11.0,10,37.0,93,45,0.4838709677419355
logistic_canopy_baseline,E2_logistic_current_lag_slope,B_at_risk_original_decline_gt005,decline_event_next_at_risk_gt005,current_canopy_gt_0_05,0.5318012628739601,0.17777777777777778,0.42105263157894735,0.25,0.4743055555555556,37,11.0,8,37.0,93,45,0.4838709677419355
logistic_canopy_baseline,E1_logistic_current_canopy_only,B_at_risk_original_decline_gt005,decline_event_next_at_risk_gt005,current_canopy_ge_historical_p50,0.6216729424421732,0.6923076923076923,0.6,0.6428571428571429,0.7461538461538462,4,6.0,9,24.0,43,13,0.3023255813953488
logistic_canopy_baseline,E2_logistic_current_lag_slope,B_at_risk_original_decline_gt005,decline_event_next_at_risk_gt005,current_canopy_ge_historical_p50,0.6569342422283597,0.7692307692307693,0.625,0.6896551724137931,0.7846153846153847,3,6.0,10,24.0,43,13,0.3023255813953488
logistic_canopy_baseline,E1_logistic_current_canopy_only,B_at_risk_original_decline_gt005,decline_event_next_at_risk_gt005,current_canopy_ge_historical_p75,0.5989556078841793,0.5714285714285714,0.5,0.5333333333333333,0.6680672268907563,3,4.0,4,13.0,24,7,0.2916666666666667
logistic_canopy_baseline,E2_logistic_current_lag_slope,B_at_risk_original_decline_gt005,decline_event_next_at_risk_gt005,current_canopy_ge_historical_p75,0.6441326530612245,0.5714285714285714,0.4444444444444444,0.5,0.6386554621848739,3,5.0,4,12.0,24,7,0.2916666666666667
logistic_canopy_baseline,E1_logistic_current_canopy_only,C_new_decline_transition,new_decline_event_next,full_sample,0.41951890027524985,0.5,0.40625,0.4482758620689655,0.6954022988505747,13,19.0,13,155.0,200,26,0.13
logistic_canopy_baseline,E2_logistic_current_lag_slope,C_new_decline_transition,new_decline_event_next,full_sample,0.430218818523096,0.5384615384615384,0.42424242424242425,0.4745762711864407,0.714633068081344,12,19.0,14,155.0,200,26,0.13
logistic_canopy_baseline,E1_logistic_current_canopy_only,C_new_decline_transition,new_decline_event_next,current_canopy_gt_0_05,0.5151847600698742,0.5555555555555556,0.5,0.5263157894736842,0.7111111111111111,8,10.0,10,65.0,93,18,0.1935483870967742
logistic_canopy_baseline,E2_logistic_current_lag_slope,C_new_decline_transition,new_decline_event_next,current_canopy_gt_0_05,0.5220083042160775,0.5555555555555556,0.4166666666666667,0.47619047619047616,0.6844444444444444,8,14.0,10,61.0,93,18,0.1935483870967742
logistic_canopy_baseline,E1_logistic_current_canopy_only,C_new_decline_transition,new_decline_event_next,current_canopy_ge_historical_p50,0.5817344684301206,0.6,0.5625,0.5806451612903226,0.6970588235294117,6,7.0,9,27.0,49,15,0.30612244897959184
logistic_canopy_baseline,E2_logistic_current_lag_slope,C_new_decline_transition,new_decline_event_next,current_canopy_ge_historical_p50,0.6097958287399281,0.6666666666666666,0.625,0.6451612903225806,0.7450980392156863,5,6.0,10,28.0,49,15,0.30612244897959184
logistic_canopy_baseline,E1_logistic_current_canopy_only,C_new_decline_transition,new_decline_event_next,current_canopy_ge_historical_p75,0.5989556078841793,0.5714285714285714,0.5,0.5333333333333333,0.6804511278195489,3,4.0,4,15.0,26,7,0.2692307692307692
logistic_canopy_baseline,E2_logistic_current_lag_slope,C_new_decline_transition,new_decline_event_next,current_canopy_ge_historical_p75,0.640422077922078,0.5714285714285714,0.4444444444444444,0.5,0.6541353383458646,3,5.0,4,14.0,26,7,0.2692307692307692
logistic_canopy_baseline,E1_logistic_current_canopy_only,D_actionable_decline_drop,actionable_decline_drop_next,full_sample,0.5634123914434979,0.5,0.53125,0.5151515151515151,0.7048192771084337,17,15.0,17,151.0,200,34,0.17
logistic_canopy_baseline,E2_logistic_current_lag_slope,D_actionable_decline_drop,actionable_decline_drop_next,full_sample,0.5504538209775731,0.5,0.5151515151515151,0.5074626865671642,0.7018072289156627,17,16.0,17,150.0,200,34,0.17
logistic_canopy_baseline,E1_logistic_current_canopy_only,D_actionable_decline_drop,actionable_decline_drop_next,current_canopy_gt_0_05,0.563412391443498,0.35294117647058826,0.5714285714285714,0.43636363636363634,0.6001994017946162,22,9.0,12,50.0,93,34,0.3655913978494624
logistic_canopy_baseline,E2_logistic_current_lag_slope,D_actionable_decline_drop,actionable_decline_drop_next,current_canopy_gt_0_05,0.49382850966728165,0.6176470588235294,0.5526315789473685,0.5833333333333334,0.6647557328015952,13,17.0,21,42.0,93,34,0.3655913978494624
logistic_canopy_baseline,E1_logistic_current_canopy_only,D_actionable_decline_drop,actionable_decline_drop_next,current_canopy_ge_historical_p50,0.6497170451871499,0.5217391304347826,0.6666666666666666,0.5853658536585366,0.6454849498327759,11,6.0,12,20.0,49,23,0.46938775510204084
logistic_canopy_baseline,E2_logistic_current_lag_slope,D_actionable_decline_drop,actionable_decline_drop_next,current_canopy_ge_historical_p50,0.5477634404079518,0.34782608695652173,0.47058823529411764,0.4,0.5008361204013378,15,9.0,8,17.0,49,23,0.46938775510204084
logistic_canopy_baseline,E1_logistic_current_canopy_only,D_actionable_decline_drop,actionable_decline_drop_next,current_canopy_ge_historical_p75,0.639655514789734,0.38461538461538464,0.625,0.47619047619047616,0.576923076923077,8,3.0,5,10.0,26,13,0.5
logistic_canopy_baseline,E2_logistic_current_lag_slope,D_actionable_decline_drop,actionable_decline_drop_next,current_canopy_ge_historical_p75,0.5904530359819922,0.38461538461538464,0.5555555555555556,0.45454545454545453,0.5384615384615384,8,4.0,5,9.0,26,13,0.5
repo_ml_refit,canopy_only / Logistic Regression,A_original_decline_state,decline_event_next,full_sample,0.8134724490243929,0.7985074626865671,0.6993464052287581,0.7456445993031359,0.5507688828584351,27,46.0,107,20.0,200,134,0.67
repo_ml_refit,canopy_only / SVM,A_original_decline_state,decline_event_next,full_sample,0.8866272808552881,0.0,0.0,0.0,0.5,134,0.0,0,66.0,200,134,0.67
repo_ml_refit,canopy_only / Random Forest,A_original_decline_state,decline_event_next,full_sample,0.8973625711126626,0.5895522388059702,0.9080459770114943,0.7149321266968326,0.7341700587969244,55,8.0,79,58.0,200,134,0.67
repo_ml_refit,canopy_only / XGBoost,A_original_decline_state,decline_event_next,full_sample,0.8726195325249292,0.5895522388059702,0.8681318681318682,0.7022222222222222,0.7038670284938942,55,12.0,79,54.0,200,134,0.67
repo_ml_refit,canopy_only / LightGBM,A_original_decline_state,decline_event_next,full_sample,0.8834960300128065,0.5895522388059702,0.8586956521739131,0.6991150442477876,0.6962912709181366,55,13.0,79,53.0,200,134,0.67
repo_ml_refit,oisst_only / Logistic Regression,A_original_decline_state,decline_event_next,full_sample,0.7141019005558481,0.26119402985074625,0.7142857142857143,0.3825136612021858,0.524536408864767,99,14.0,35,52.0,200,134,0.67
repo_ml_refit,oisst_only / SVM,A_original_decline_state,decline_event_next,full_sample,0.7411785713149066,0.09701492537313433,0.9285714285714286,0.17567567567567569,0.5409317051108096,121,1.0,13,65.0,200,134,0.67
repo_ml_refit,oisst_only / Random Forest,A_original_decline_state,decline_event_next,full_sample,0.7043859037607086,0.291044776119403,0.7090909090909091,0.4126984126984127,0.5243102668475803,95,16.0,39,50.0,200,134,0.67
repo_ml_refit,oisst_only / XGBoost,A_original_decline_state,decline_event_next,full_sample,0.7182896444345532,0.44776119402985076,0.7228915662650602,0.5529953917050692,0.5496381727725012,74,23.0,60,43.0,200,134,0.67
repo_ml_refit,oisst_only / LightGBM,A_original_decline_state,decline_event_next,full_sample,0.6735824616294275,0.3208955223880597,0.6825396825396826,0.4365482233502538,0.5089326096788783,91,20.0,43,46.0,200,134,0.67
repo_ml_refit,canopy_noaa / Logistic Regression,A_original_decline_state,decline_event_next,full_sample,0.7823845480849092,0.6268656716417911,0.7636363636363637,0.6885245901639344,0.6164631388511985,50,26.0,84,40.0,200,134,0.67
repo_ml_refit,canopy_noaa / SVM,A_original_decline_state,decline_event_next,full_sample,0.8459373329066522,0.2462686567164179,0.868421052631579,0.38372093023255816,0.5852555404794211,101,5.0,33,61.0,200,134,0.67
repo_ml_refit,canopy_noaa / Random Forest,A_original_decline_state,decline_event_next,full_sample,0.8306530758016963,0.27611940298507465,0.925,0.42528735632183906,0.6153324287652646,97,3.0,37,63.0,200,134,0.67
repo_ml_refit,canopy_noaa / XGBoost,A_original_decline_state,decline_event_next,full_sample,0.8218494005035681,0.5223880597014925,0.875,0.6542056074766355,0.6854364540931706,64,10.0,70,56.0,200,134,0.67
repo_ml_refit,canopy_noaa / LightGBM,A_original_decline_state,decline_event_next,full_sample,0.8155294953487338,0.3805970149253731,0.8947368421052632,0.5340314136125655,0.6448439620081411,83,6.0,51,60.0,200,134,0.67
repo_ml_refit,canopy_only / Logistic Regression,A_original_decline_state,decline_event_next,current_canopy_gt_0_05,0.5113625279185817,0.26666666666666666,0.4444444444444444,0.3333333333333333,0.4770833333333333,33,15.0,12,33.0,93,45,0.4838709677419355
repo_ml_refit,canopy_only / SVM,A_original_decline_state,decline_event_next,current_canopy_gt_0_05,0.5449207328327619,0.0,0.0,0.0,0.5,45,0.0,0,48.0,93,45,0.4838709677419355
repo_ml_refit,canopy_only / Random Forest,A_original_decline_state,decline_event_next,current_canopy_gt_0_05,0.6334350794537679,0.4,0.6,0.48,0.575,27,12.0,18,36.0,93,45,0.4838709677419355
repo_ml_refit,canopy_only / XGBoost,A_original_decline_state,decline_event_next,current_canopy_gt_0_05,0.5767853367081317,0.3111111111111111,0.6086956521739131,0.4117647058823529,0.5618055555555556,31,9.0,14,39.0,93,45,0.4838709677419355
repo_ml_refit,canopy_only / LightGBM,A_original_decline_state,decline_event_next,current_canopy_gt_0_05,0.5662941159388064,0.2222222222222222,0.5555555555555556,0.31746031746031744,0.5277777777777778,35,8.0,10,40.0,93,45,0.4838709677419355
repo_ml_refit,oisst_only / Logistic Regression,A_original_decline_state,decline_event_next,current_canopy_gt_0_05,0.5478006976966443,0.2222222222222222,0.5,0.3076923076923077,0.5069444444444444,35,10.0,10,38.0,93,45,0.4838709677419355
repo_ml_refit,oisst_only / SVM,A_original_decline_state,decline_event_next,current_canopy_gt_0_05,0.4299014965421025,0.0,0.0,0.0,0.5,45,0.0,0,48.0,93,45,0.4838709677419355
repo_ml_refit,oisst_only / Random Forest,A_original_decline_state,decline_event_next,current_canopy_gt_0_05,0.41392234256366867,0.15555555555555556,0.35,0.2153846153846154,0.4423611111111111,38,13.0,7,35.0,93,45,0.4838709677419355
repo_ml_refit,oisst_only / XGBoost,A_original_decline_state,decline_event_next,current_canopy_gt_0_05,0.41780827419976485,0.2222222222222222,0.38461538461538464,0.28169014084507044,0.4444444444444444,35,16.0,10,32.0,93,45,0.4838709677419355
repo_ml_refit,oisst_only / LightGBM,A_original_decline_state,decline_event_next,current_canopy_gt_0_05,0.41949750024030197,0.2222222222222222,0.30303030303030304,0.2564102564102564,0.3715277777777778,35,23.0,10,25.0,93,45,0.4838709677419355
repo_ml_refit,canopy_noaa / Logistic Regression,A_original_decline_state,decline_event_next,current_canopy_gt_0_05,0.4972518812042656,0.3333333333333333,0.5,0.4,0.5104166666666666,30,15.0,15,33.0,93,45,0.4838709677419355
repo_ml_refit,canopy_noaa / SVM,A_original_decline_state,decline_event_next,current_canopy_gt_0_05,0.5326097796023883,0.0,0.0,0.0,0.5,45,0.0,0,48.0,93,45,0.4838709677419355
repo_ml_refit,canopy_noaa / Random Forest,A_original_decline_state,decline_event_next,current_canopy_gt_0_05,0.4221406715952253,0.022222222222222223,0.25,0.04081632653061224,0.4798611111111111,44,3.0,1,45.0,93,45,0.4838709677419355
repo_ml_refit,canopy_noaa / XGBoost,A_original_decline_state,decline_event_next,current_canopy_gt_0_05,0.47809548544867697,0.26666666666666666,0.41379310344827586,0.32432432432432434,0.45625000000000004,33,17.0,12,31.0,93,45,0.4838709677419355
repo_ml_refit,canopy_noaa / LightGBM,A_original_decline_state,decline_event_next,current_canopy_gt_0_05,0.46104448813894583,0.2222222222222222,0.47619047619047616,0.30303030303030304,0.4965277777777778,35,11.0,10,37.0,93,45,0.4838709677419355
repo_ml_refit,canopy_only / Logistic Regression,A_original_decline_state,decline_event_next,current_canopy_ge_historical_p50,0.4586574717519959,0.4666666666666667,0.3684210526315789,0.4117647058823529,0.5568627450980392,8,12.0,7,22.0,49,15,0.30612244897959184
repo_ml_refit,canopy_only / SVM,A_original_decline_state,decline_event_next,current_canopy_ge_historical_p50,0.46077471574166795,0.0,0.0,0.0,0.5,15,0.0,0,34.0,49,15,0.30612244897959184
repo_ml_refit,canopy_only / Random Forest,A_original_decline_state,decline_event_next,current_canopy_ge_historical_p50,0.5313855099656448,0.26666666666666666,0.5,0.34782608695652173,0.5745098039215686,11,4.0,4,30.0,49,15,0.30612244897959184
repo_ml_refit,canopy_only / XGBoost,A_original_decline_state,decline_event_next,current_canopy_ge_historical_p50,0.38207987174235386,0.26666666666666666,0.3333333333333333,0.2962962962962963,0.5156862745098039,11,8.0,4,26.0,49,15,0.30612244897959184
repo_ml_refit,canopy_only / LightGBM,A_original_decline_state,decline_event_next,current_canopy_ge_historical_p50,0.35732685630474537,0.2,0.3333333333333333,0.25,0.5117647058823529,12,6.0,3,28.0,49,15,0.30612244897959184
repo_ml_refit,oisst_only / Logistic Regression,A_original_decline_state,decline_event_next,current_canopy_ge_historical_p50,0.33540416909982124,0.0,0.0,0.0,0.4117647058823529,15,6.0,0,28.0,49,15,0.30612244897959184
repo_ml_refit,oisst_only / SVM,A_original_decline_state,decline_event_next,current_canopy_ge_historical_p50,0.21811974790631727,0.0,0.0,0.0,0.5,15,0.0,0,34.0,49,15,0.30612244897959184
repo_ml_refit,oisst_only / Random Forest,A_original_decline_state,decline_event_next,current_canopy_ge_historical_p50,0.21483473539363263,0.0,0.0,0.0,0.38235294117647056,15,8.0,0,26.0,49,15,0.30612244897959184
repo_ml_refit,oisst_only / XGBoost,A_original_decline_state,decline_event_next,current_canopy_ge_historical_p50,0.20829392725823814,0.0,0.0,0.0,0.27941176470588236,15,15.0,0,19.0,49,15,0.30612244897959184
repo_ml_refit,oisst_only / LightGBM,A_original_decline_state,decline_event_next,current_canopy_ge_historical_p50,0.20216472263169732,0.0,0.0,0.0,0.38235294117647056,15,8.0,0,26.0,49,15,0.30612244897959184
repo_ml_refit,canopy_noaa / Logistic Regression,A_original_decline_state,decline_event_next,current_canopy_ge_historical_p50,0.32410271902243204,0.06666666666666667,0.125,0.08695652173913043,0.43039215686274507,14,7.0,1,27.0,49,15,0.30612244897959184
repo_ml_refit,canopy_noaa / SVM,A_original_decline_state,decline_event_next,current_canopy_ge_historical_p50,0.5165830174649281,0.06666666666666667,1.0,0.125,0.5333333333333333,14,0.0,1,34.0,49,15,0.30612244897959184
repo_ml_refit,canopy_noaa / Random Forest,A_original_decline_state,decline_event_next,current_canopy_ge_historical_p50,0.2225137363279237,0.0,0.0,0.0,0.4117647058823529,15,6.0,0,28.0,49,15,0.30612244897959184
repo_ml_refit,canopy_noaa / XGBoost,A_original_decline_state,decline_event_next,current_canopy_ge_historical_p50,0.24607733406100807,0.06666666666666667,0.125,0.08695652173913043,0.43039215686274507,14,7.0,1,27.0,49,15,0.30612244897959184
repo_ml_refit,canopy_noaa / LightGBM,A_original_decline_state,decline_event_next,current_canopy_ge_historical_p50,0.24341721581530026,0.0,0.0,0.0,0.45588235294117646,15,3.0,0,31.0,49,15,0.30612244897959184
repo_ml_refit,canopy_only / Logistic Regression,A_original_decline_state,decline_event_next,current_canopy_ge_historical_p75,0.5637755102040816,0.8571428571428571,0.5,0.631578947368421,0.7706766917293233,1,6.0,6,13.0,26,7,0.2692307692307692
repo_ml_refit,canopy_only / SVM,A_original_decline_state,decline_event_next,current_canopy_ge_historical_p75,0.4810457516339869,0.0,0.0,0.0,0.5,7,0.0,0,19.0,26,7,0.2692307692307692
repo_ml_refit,canopy_only / Random Forest,A_original_decline_state,decline_event_next,current_canopy_ge_historical_p75,0.4328385899814471,0.2857142857142857,0.5,0.36363636363636365,0.5902255639097744,5,2.0,2,17.0,26,7,0.2692307692307692
repo_ml_refit,canopy_only / XGBoost,A_original_decline_state,decline_event_next,current_canopy_ge_historical_p75,0.6034521034521034,0.2857142857142857,0.5,0.36363636363636365,0.5902255639097744,5,2.0,2,17.0,26,7,0.2692307692307692
repo_ml_refit,canopy_only / LightGBM,A_original_decline_state,decline_event_next,current_canopy_ge_historical_p75,0.5302626313683367,0.14285714285714285,1.0,0.25,0.5714285714285714,6,0.0,1,19.0,26,7,0.2692307692307692
repo_ml_refit,oisst_only / Logistic Regression,A_original_decline_state,decline_event_next,current_canopy_ge_historical_p75,0.3062297179944239,0.0,0.0,0.0,0.39473684210526316,7,4.0,0,15.0,26,7,0.2692307692307692
repo_ml_refit,oisst_only / SVM,A_original_decline_state,decline_event_next,current_canopy_ge_historical_p75,0.3547619047619048,0.0,0.0,0.0,0.5,7,0.0,0,19.0,26,7,0.2692307692307692
repo_ml_refit,oisst_only / Random Forest,A_original_decline_state,decline_event_next,current_canopy_ge_historical_p75,0.29239869860987877,0.0,0.0,0.0,0.3684210526315789,7,5.0,0,14.0,26,7,0.2692307692307692
repo_ml_refit,oisst_only / XGBoost,A_original_decline_state,decline_event_next,current_canopy_ge_historical_p75,0.2502061430632859,0.0,0.0,0.0,0.3684210526315789,7,5.0,0,14.0,26,7,0.2692307692307692
repo_ml_refit,oisst_only / LightGBM,A_original_decline_state,decline_event_next,current_canopy_ge_historical_p75,0.2346434267486899,0.0,0.0,0.0,0.42105263157894735,7,3.0,0,16.0,26,7,0.2692307692307692
repo_ml_refit,canopy_noaa / Logistic Regression,A_original_decline_state,decline_event_next,current_canopy_ge_historical_p75,0.3669159343072387,0.14285714285714285,0.16666666666666666,0.15384615384615385,0.4398496240601504,6,5.0,1,14.0,26,7,0.2692307692307692
repo_ml_refit,canopy_noaa / SVM,A_original_decline_state,decline_event_next,current_canopy_ge_historical_p75,0.6394859109144824,0.0,0.0,0.0,0.5,7,0.0,0,19.0,26,7,0.2692307692307692
repo_ml_refit,canopy_noaa / Random Forest,A_original_decline_state,decline_event_next,current_canopy_ge_historical_p75,0.40810411120970125,0.0,0.0,0.0,0.47368421052631576,7,1.0,0,18.0,26,7,0.2692307692307692
repo_ml_refit,canopy_noaa / XGBoost,A_original_decline_state,decline_event_next,current_canopy_ge_historical_p75,0.42918280549859494,0.0,0.0,0.0,0.5,7,0.0,0,19.0,26,7,0.2692307692307692
repo_ml_refit,canopy_noaa / LightGBM,A_original_decline_state,decline_event_next,current_canopy_ge_historical_p75,0.2961065849264607,0.0,0.0,0.0,0.47368421052631576,7,1.0,0,18.0,26,7,0.2692307692307692
repo_ml_refit,canopy_only / Logistic Regression,B_at_risk_original_decline_gt005,decline_event_next_at_risk_gt005,full_sample,0.5113625279185817,0.26666666666666666,0.4444444444444444,0.3333333333333333,0.4770833333333333,33,15.0,12,33.0,93,45,0.4838709677419355
repo_ml_refit,canopy_only / SVM,B_at_risk_original_decline_gt005,decline_event_next_at_risk_gt005,full_sample,0.5449207328327619,0.0,0.0,0.0,0.5,45,0.0,0,48.0,93,45,0.4838709677419355
repo_ml_refit,canopy_only / Random Forest,B_at_risk_original_decline_gt005,decline_event_next_at_risk_gt005,full_sample,0.6334350794537679,0.4,0.6,0.48,0.575,27,12.0,18,36.0,93,45,0.4838709677419355
repo_ml_refit,canopy_only / XGBoost,B_at_risk_original_decline_gt005,decline_event_next_at_risk_gt005,full_sample,0.5767853367081317,0.3111111111111111,0.6086956521739131,0.4117647058823529,0.5618055555555556,31,9.0,14,39.0,93,45,0.4838709677419355
repo_ml_refit,canopy_only / LightGBM,B_at_risk_original_decline_gt005,decline_event_next_at_risk_gt005,full_sample,0.5662941159388064,0.2222222222222222,0.5555555555555556,0.31746031746031744,0.5277777777777778,35,8.0,10,40.0,93,45,0.4838709677419355
repo_ml_refit,oisst_only / Logistic Regression,B_at_risk_original_decline_gt005,decline_event_next_at_risk_gt005,full_sample,0.5478006976966443,0.2222222222222222,0.5,0.3076923076923077,0.5069444444444444,35,10.0,10,38.0,93,45,0.4838709677419355
repo_ml_refit,oisst_only / SVM,B_at_risk_original_decline_gt005,decline_event_next_at_risk_gt005,full_sample,0.4299014965421025,0.0,0.0,0.0,0.5,45,0.0,0,48.0,93,45,0.4838709677419355
repo_ml_refit,oisst_only / Random Forest,B_at_risk_original_decline_gt005,decline_event_next_at_risk_gt005,full_sample,0.41392234256366867,0.15555555555555556,0.35,0.2153846153846154,0.4423611111111111,38,13.0,7,35.0,93,45,0.4838709677419355
repo_ml_refit,oisst_only / XGBoost,B_at_risk_original_decline_gt005,decline_event_next_at_risk_gt005,full_sample,0.41780827419976485,0.2222222222222222,0.38461538461538464,0.28169014084507044,0.4444444444444444,35,16.0,10,32.0,93,45,0.4838709677419355
repo_ml_refit,oisst_only / LightGBM,B_at_risk_original_decline_gt005,decline_event_next_at_risk_gt005,full_sample,0.41949750024030197,0.2222222222222222,0.30303030303030304,0.2564102564102564,0.3715277777777778,35,23.0,10,25.0,93,45,0.4838709677419355
repo_ml_refit,canopy_noaa / Logistic Regression,B_at_risk_original_decline_gt005,decline_event_next_at_risk_gt005,full_sample,0.4972518812042656,0.3333333333333333,0.5,0.4,0.5104166666666666,30,15.0,15,33.0,93,45,0.4838709677419355
repo_ml_refit,canopy_noaa / SVM,B_at_risk_original_decline_gt005,decline_event_next_at_risk_gt005,full_sample,0.5326097796023883,0.0,0.0,0.0,0.5,45,0.0,0,48.0,93,45,0.4838709677419355
repo_ml_refit,canopy_noaa / Random Forest,B_at_risk_original_decline_gt005,decline_event_next_at_risk_gt005,full_sample,0.4221406715952253,0.022222222222222223,0.25,0.04081632653061224,0.4798611111111111,44,3.0,1,45.0,93,45,0.4838709677419355
repo_ml_refit,canopy_noaa / XGBoost,B_at_risk_original_decline_gt005,decline_event_next_at_risk_gt005,full_sample,0.47809548544867697,0.26666666666666666,0.41379310344827586,0.32432432432432434,0.45625000000000004,33,17.0,12,31.0,93,45,0.4838709677419355
repo_ml_refit,canopy_noaa / LightGBM,B_at_risk_original_decline_gt005,decline_event_next_at_risk_gt005,full_sample,0.46104448813894583,0.2222222222222222,0.47619047619047616,0.30303030303030304,0.4965277777777778,35,11.0,10,37.0,93,45,0.4838709677419355
repo_ml_refit,canopy_only / Logistic Regression,B_at_risk_original_decline_gt005,decline_event_next_at_risk_gt005,current_canopy_gt_0_05,0.5113625279185817,0.26666666666666666,0.4444444444444444,0.3333333333333333,0.4770833333333333,33,15.0,12,33.0,93,45,0.4838709677419355
repo_ml_refit,canopy_only / SVM,B_at_risk_original_decline_gt005,decline_event_next_at_risk_gt005,current_canopy_gt_0_05,0.5449207328327619,0.0,0.0,0.0,0.5,45,0.0,0,48.0,93,45,0.4838709677419355
repo_ml_refit,canopy_only / Random Forest,B_at_risk_original_decline_gt005,decline_event_next_at_risk_gt005,current_canopy_gt_0_05,0.6334350794537679,0.4,0.6,0.48,0.575,27,12.0,18,36.0,93,45,0.4838709677419355
repo_ml_refit,canopy_only / XGBoost,B_at_risk_original_decline_gt005,decline_event_next_at_risk_gt005,current_canopy_gt_0_05,0.5767853367081317,0.3111111111111111,0.6086956521739131,0.4117647058823529,0.5618055555555556,31,9.0,14,39.0,93,45,0.4838709677419355
repo_ml_refit,canopy_only / LightGBM,B_at_risk_original_decline_gt005,decline_event_next_at_risk_gt005,current_canopy_gt_0_05,0.5662941159388064,0.2222222222222222,0.5555555555555556,0.31746031746031744,0.5277777777777778,35,8.0,10,40.0,93,45,0.4838709677419355
repo_ml_refit,oisst_only / Logistic Regression,B_at_risk_original_decline_gt005,decline_event_next_at_risk_gt005,current_canopy_gt_0_05,0.5478006976966443,0.2222222222222222,0.5,0.3076923076923077,0.5069444444444444,35,10.0,10,38.0,93,45,0.4838709677419355
repo_ml_refit,oisst_only / SVM,B_at_risk_original_decline_gt005,decline_event_next_at_risk_gt005,current_canopy_gt_0_05,0.4299014965421025,0.0,0.0,0.0,0.5,45,0.0,0,48.0,93,45,0.4838709677419355
repo_ml_refit,oisst_only / Random Forest,B_at_risk_original_decline_gt005,decline_event_next_at_risk_gt005,current_canopy_gt_0_05,0.41392234256366867,0.15555555555555556,0.35,0.2153846153846154,0.4423611111111111,38,13.0,7,35.0,93,45,0.4838709677419355
repo_ml_refit,oisst_only / XGBoost,B_at_risk_original_decline_gt005,decline_event_next_at_risk_gt005,current_canopy_gt_0_05,0.41780827419976485,0.2222222222222222,0.38461538461538464,0.28169014084507044,0.4444444444444444,35,16.0,10,32.0,93,45,0.4838709677419355
repo_ml_refit,oisst_only / LightGBM,B_at_risk_original_decline_gt005,decline_event_next_at_risk_gt005,current_canopy_gt_0_05,0.41949750024030197,0.2222222222222222,0.30303030303030304,0.2564102564102564,0.3715277777777778,35,23.0,10,25.0,93,45,0.4838709677419355
repo_ml_refit,canopy_noaa / Logistic Regression,B_at_risk_original_decline_gt005,decline_event_next_at_risk_gt005,current_canopy_gt_0_05,0.4972518812042656,0.3333333333333333,0.5,0.4,0.5104166666666666,30,15.0,15,33.0,93,45,0.4838709677419355
repo_ml_refit,canopy_noaa / SVM,B_at_risk_original_decline_gt005,decline_event_next_at_risk_gt005,current_canopy_gt_0_05,0.5326097796023883,0.0,0.0,0.0,0.5,45,0.0,0,48.0,93,45,0.4838709677419355
repo_ml_refit,canopy_noaa / Random Forest,B_at_risk_original_decline_gt005,decline_event_next_at_risk_gt005,current_canopy_gt_0_05,0.4221406715952253,0.022222222222222223,0.25,0.04081632653061224,0.4798611111111111,44,3.0,1,45.0,93,45,0.4838709677419355
repo_ml_refit,canopy_noaa / XGBoost,B_at_risk_original_decline_gt005,decline_event_next_at_risk_gt005,current_canopy_gt_0_05,0.47809548544867697,0.26666666666666666,0.41379310344827586,0.32432432432432434,0.45625000000000004,33,17.0,12,31.0,93,45,0.4838709677419355
repo_ml_refit,canopy_noaa / LightGBM,B_at_risk_original_decline_gt005,decline_event_next_at_risk_gt005,current_canopy_gt_0_05,0.46104448813894583,0.2222222222222222,0.47619047619047616,0.30303030303030304,0.4965277777777778,35,11.0,10,37.0,93,45,0.4838709677419355
repo_ml_refit,canopy_only / Logistic Regression,B_at_risk_original_decline_gt005,decline_event_next_at_risk_gt005,current_canopy_ge_historical_p50,0.4865802088568306,0.6923076923076923,0.45,0.5454545454545454,0.6628205128205128,4,11.0,9,19.0,43,13,0.3023255813953488
repo_ml_refit,canopy_only / SVM,B_at_risk_original_decline_gt005,decline_event_next_at_risk_gt005,current_canopy_ge_historical_p50,0.5574538117881771,0.0,0.0,0.0,0.5,13,0.0,0,30.0,43,13,0.3023255813953488
repo_ml_refit,canopy_only / Random Forest,B_at_risk_original_decline_gt005,decline_event_next_at_risk_gt005,current_canopy_ge_historical_p50,0.4604507414193664,0.3076923076923077,0.4444444444444444,0.36363636363636365,0.5705128205128205,9,5.0,4,25.0,43,13,0.3023255813953488
repo_ml_refit,canopy_only / XGBoost,B_at_risk_original_decline_gt005,decline_event_next_at_risk_gt005,current_canopy_ge_historical_p50,0.34555784657447036,0.15384615384615385,0.25,0.19047619047619047,0.47692307692307695,11,6.0,2,24.0,43,13,0.3023255813953488
repo_ml_refit,canopy_only / LightGBM,B_at_risk_original_decline_gt005,decline_event_next_at_risk_gt005,current_canopy_ge_historical_p50,0.4079090626598122,0.15384615384615385,0.3333333333333333,0.21052631578947367,0.5102564102564102,11,4.0,2,26.0,43,13,0.3023255813953488
repo_ml_refit,oisst_only / Logistic Regression,B_at_risk_original_decline_gt005,decline_event_next_at_risk_gt005,current_canopy_ge_historical_p50,0.41249062172645173,0.07692307692307693,0.2,0.1111111111111111,0.4717948717948718,12,4.0,1,26.0,43,13,0.3023255813953488
repo_ml_refit,oisst_only / SVM,B_at_risk_original_decline_gt005,decline_event_next_at_risk_gt005,current_canopy_ge_historical_p50,0.21616503782765742,0.0,0.0,0.0,0.48333333333333334,13,1.0,0,29.0,43,13,0.3023255813953488
repo_ml_refit,oisst_only / Random Forest,B_at_risk_original_decline_gt005,decline_event_next_at_risk_gt005,current_canopy_ge_historical_p50,0.20655877992514782,0.0,0.0,0.0,0.36666666666666664,13,8.0,0,22.0,43,13,0.3023255813953488
repo_ml_refit,oisst_only / XGBoost,B_at_risk_original_decline_gt005,decline_event_next_at_risk_gt005,current_canopy_ge_historical_p50,0.2209259229374697,0.0,0.0,0.0,0.2833333333333333,13,13.0,0,17.0,43,13,0.3023255813953488
repo_ml_refit,oisst_only / LightGBM,B_at_risk_original_decline_gt005,decline_event_next_at_risk_gt005,current_canopy_ge_historical_p50,0.2013039260565223,0.0,0.0,0.0,0.43333333333333335,13,4.0,0,26.0,43,13,0.3023255813953488
repo_ml_refit,canopy_noaa / Logistic Regression,B_at_risk_original_decline_gt005,decline_event_next_at_risk_gt005,current_canopy_ge_historical_p50,0.35545595385658907,0.15384615384615385,0.25,0.19047619047619047,0.47692307692307695,11,6.0,2,24.0,43,13,0.3023255813953488
repo_ml_refit,canopy_noaa / SVM,B_at_risk_original_decline_gt005,decline_event_next_at_risk_gt005,current_canopy_ge_historical_p50,0.35945521975131045,0.0,0.0,0.0,0.5,13,0.0,0,30.0,43,13,0.3023255813953488
repo_ml_refit,canopy_noaa / Random Forest,B_at_risk_original_decline_gt005,decline_event_next_at_risk_gt005,current_canopy_ge_historical_p50,0.2080888540966624,0.0,0.0,0.0,0.4166666666666667,13,5.0,0,25.0,43,13,0.3023255813953488
repo_ml_refit,canopy_noaa / XGBoost,B_at_risk_original_decline_gt005,decline_event_next_at_risk_gt005,current_canopy_ge_historical_p50,0.2062233363755393,0.0,0.0,0.0,0.4166666666666667,13,5.0,0,25.0,43,13,0.3023255813953488
repo_ml_refit,canopy_noaa / LightGBM,B_at_risk_original_decline_gt005,decline_event_next_at_risk_gt005,current_canopy_ge_historical_p50,0.23460531664570244,0.0,0.0,0.0,0.43333333333333335,13,4.0,0,26.0,43,13,0.3023255813953488
repo_ml_refit,canopy_only / Logistic Regression,B_at_risk_original_decline_gt005,decline_event_next_at_risk_gt005,current_canopy_ge_historical_p75,0.5265544814416995,0.7142857142857143,0.45454545454545453,0.5555555555555556,0.680672268907563,2,6.0,5,11.0,24,7,0.2916666666666667
repo_ml_refit,canopy_only / SVM,B_at_risk_original_decline_gt005,decline_event_next_at_risk_gt005,current_canopy_ge_historical_p75,0.5096171802054155,0.0,0.0,0.0,0.5,7,0.0,0,17.0,24,7,0.2916666666666667
repo_ml_refit,canopy_only / Random Forest,B_at_risk_original_decline_gt005,decline_event_next_at_risk_gt005,current_canopy_ge_historical_p75,0.5157897657897659,0.2857142857142857,0.6666666666666666,0.4,0.6134453781512605,5,1.0,2,16.0,24,7,0.2916666666666667
repo_ml_refit,canopy_only / XGBoost,B_at_risk_original_decline_gt005,decline_event_next_at_risk_gt005,current_canopy_ge_historical_p75,0.5747165532879819,0.2857142857142857,1.0,0.4444444444444444,0.6428571428571428,5,0.0,2,17.0,24,7,0.2916666666666667
repo_ml_refit,canopy_only / LightGBM,B_at_risk_original_decline_gt005,decline_event_next_at_risk_gt005,current_canopy_ge_historical_p75,0.49133013529298364,0.14285714285714285,1.0,0.25,0.5714285714285714,6,0.0,1,17.0,24,7,0.2916666666666667
repo_ml_refit,oisst_only / Logistic Regression,B_at_risk_original_decline_gt005,decline_event_next_at_risk_gt005,current_canopy_ge_historical_p75,0.35926870748299317,0.0,0.0,0.0,0.4117647058823529,7,3.0,0,14.0,24,7,0.2916666666666667
repo_ml_refit,oisst_only / SVM,B_at_risk_original_decline_gt005,decline_event_next_at_risk_gt005,current_canopy_ge_historical_p75,0.3369511440940012,0.0,0.0,0.0,0.5,7,0.0,0,17.0,24,7,0.2916666666666667
repo_ml_refit,oisst_only / Random Forest,B_at_risk_original_decline_gt005,decline_event_next_at_risk_gt005,current_canopy_ge_historical_p75,0.2819624819624819,0.0,0.0,0.0,0.38235294117647056,7,4.0,0,13.0,24,7,0.2916666666666667
repo_ml_refit,oisst_only / XGBoost,B_at_risk_original_decline_gt005,decline_event_next_at_risk_gt005,current_canopy_ge_historical_p75,0.3085839598997494,0.0,0.0,0.0,0.4117647058823529,7,3.0,0,14.0,24,7,0.2916666666666667
repo_ml_refit,oisst_only / LightGBM,B_at_risk_original_decline_gt005,decline_event_next_at_risk_gt005,current_canopy_ge_historical_p75,0.25510204081632654,0.0,0.0,0.0,0.38235294117647056,7,4.0,0,13.0,24,7,0.2916666666666667
repo_ml_refit,canopy_noaa / Logistic Regression,B_at_risk_original_decline_gt005,decline_event_next_at_risk_gt005,current_canopy_ge_historical_p75,0.3937229437229437,0.14285714285714285,0.2,0.16666666666666666,0.45378151260504196,6,4.0,1,13.0,24,7,0.2916666666666667
repo_ml_refit,canopy_noaa / SVM,B_at_risk_original_decline_gt005,decline_event_next_at_risk_gt005,current_canopy_ge_historical_p75,0.6362262737262737,0.0,0.0,0.0,0.5,7,0.0,0,17.0,24,7,0.2916666666666667
repo_ml_refit,canopy_noaa / Random Forest,B_at_risk_original_decline_gt005,decline_event_next_at_risk_gt005,current_canopy_ge_historical_p75,0.4527210884353742,0.2857142857142857,0.6666666666666666,0.4,0.6134453781512605,5,1.0,2,16.0,24,7,0.2916666666666667
repo_ml_refit,canopy_noaa / XGBoost,B_at_risk_original_decline_gt005,decline_event_next_at_risk_gt005,current_canopy_ge_historical_p75,0.4902160864345738,0.14285714285714285,1.0,0.25,0.5714285714285714,6,0.0,1,17.0,24,7,0.2916666666666667
repo_ml_refit,canopy_noaa / LightGBM,B_at_risk_original_decline_gt005,decline_event_next_at_risk_gt005,current_canopy_ge_historical_p75,0.3413121312598266,0.0,0.0,0.0,0.47058823529411764,7,1.0,0,16.0,24,7,0.2916666666666667
repo_ml_refit,canopy_only / Logistic Regression,C_new_decline_transition,new_decline_event_next,full_sample,0.3879792053944747,0.46153846153846156,0.375,0.41379310344827586,0.6732979664014147,14,20.0,12,154.0,200,26,0.13
repo_ml_refit,canopy_only / SVM,C_new_decline_transition,new_decline_event_next,full_sample,0.3336820496010614,0.0,0.0,0.0,0.5,26,0.0,0,174.0,200,26,0.13
repo_ml_refit,canopy_only / Random Forest,C_new_decline_transition,new_decline_event_next,full_sample,0.40092185705894273,0.4230769230769231,0.3548387096774194,0.38596491228070173,0.6540671971706454,15,20.0,11,154.0,200,26,0.13
repo_ml_refit,canopy_only / XGBoost,C_new_decline_transition,new_decline_event_next,full_sample,0.3426873407394054,0.5769230769230769,0.29411764705882354,0.38961038961038963,0.6850132625994695,11,36.0,15,138.0,200,26,0.13
repo_ml_refit,canopy_only / LightGBM,C_new_decline_transition,new_decline_event_next,full_sample,0.311031975318618,0.38461538461538464,0.2857142857142857,0.32786885245901637,0.6204686118479222,16,25.0,10,149.0,200,26,0.13
repo_ml_refit,oisst_only / Logistic Regression,C_new_decline_transition,new_decline_event_next,full_sample,0.14848136933183123,0.2692307692307692,0.13725490196078433,0.18181818181818182,0.5081786030061892,19,44.0,7,130.0,200,26,0.13
repo_ml_refit,oisst_only / SVM,C_new_decline_transition,new_decline_event_next,full_sample,0.09213059468439325,0.0,0.0,0.0,0.5,26,0.0,0,174.0,200,26,0.13
repo_ml_refit,oisst_only / Random Forest,C_new_decline_transition,new_decline_event_next,full_sample,0.09716392703358323,0.0,0.0,0.0,0.4051724137931034,26,33.0,0,141.0,200,26,0.13
repo_ml_refit,oisst_only / XGBoost,C_new_decline_transition,new_decline_event_next,full_sample,0.0874953540513504,0.15384615384615385,0.047058823529411764,0.07207207207207207,0.34416445623342173,22,81.0,4,93.0,200,26,0.13
repo_ml_refit,oisst_only / LightGBM,C_new_decline_transition,new_decline_event_next,full_sample,0.10259333832620024,0.11538461538461539,0.05263157894736842,0.07228915662650602,0.4025198938992043,23,54.0,3,120.0,200,26,0.13
repo_ml_refit,canopy_noaa / Logistic Regression,C_new_decline_transition,new_decline_event_next,full_sample,0.18037226181830443,0.2692307692307692,0.14285714285714285,0.18666666666666668,0.5139257294429708,19,42.0,7,132.0,200,26,0.13
repo_ml_refit,canopy_noaa / SVM,C_new_decline_transition,new_decline_event_next,full_sample,0.2762759941536712,0.07692307692307693,1.0,0.14285714285714285,0.5384615384615384,24,0.0,2,174.0,200,26,0.13
repo_ml_refit,canopy_noaa / Random Forest,C_new_decline_transition,new_decline_event_next,full_sample,0.20356728617167474,0.0,0.0,0.0,0.4942528735632184,26,2.0,0,172.0,200,26,0.13
repo_ml_refit,canopy_noaa / XGBoost,C_new_decline_transition,new_decline_event_next,full_sample,0.18280890089843457,0.038461538461538464,0.058823529411764705,0.046511627906976744,0.47325375773651635,25,16.0,1,158.0,200,26,0.13
repo_ml_refit,canopy_noaa / LightGBM,C_new_decline_transition,new_decline_event_next,full_sample,0.2182325434564763,0.07692307692307693,0.11764705882352941,0.09302325581395349,0.49535809018567645,24,15.0,2,159.0,200,26,0.13
repo_ml_refit,canopy_only / Logistic Regression,C_new_decline_transition,new_decline_event_next,current_canopy_gt_0_05,0.4466031951176704,0.5555555555555556,0.47619047619047616,0.5128205128205128,0.7044444444444444,8,11.0,10,64.0,93,18,0.1935483870967742
repo_ml_refit,canopy_only / SVM,C_new_decline_transition,new_decline_event_next,current_canopy_gt_0_05,0.4963499085838482,0.0,0.0,0.0,0.5,18,0.0,0,75.0,93,18,0.1935483870967742
repo_ml_refit,canopy_only / Random Forest,C_new_decline_transition,new_decline_event_next,current_canopy_gt_0_05,0.41266262498830175,0.3333333333333333,0.3157894736842105,0.32432432432432434,0.58,12,13.0,6,62.0,93,18,0.1935483870967742
repo_ml_refit,canopy_only / XGBoost,C_new_decline_transition,new_decline_event_next,current_canopy_gt_0_05,0.32472038699697703,0.4444444444444444,0.38095238095238093,0.41025641025641024,0.6355555555555555,10,13.0,8,62.0,93,18,0.1935483870967742
repo_ml_refit,canopy_only / LightGBM,C_new_decline_transition,new_decline_event_next,current_canopy_gt_0_05,0.28726555602263015,0.3888888888888889,0.4117647058823529,0.4,0.6277777777777778,11,10.0,7,65.0,93,18,0.1935483870967742
repo_ml_refit,oisst_only / Logistic Regression,C_new_decline_transition,new_decline_event_next,current_canopy_gt_0_05,0.23379155232217555,0.16666666666666666,0.13043478260869565,0.14634146341463414,0.44999999999999996,15,20.0,3,55.0,93,18,0.1935483870967742
repo_ml_refit,oisst_only / SVM,C_new_decline_transition,new_decline_event_next,current_canopy_gt_0_05,0.13573777703385162,0.0,0.0,0.0,0.5,18,0.0,0,75.0,93,18,0.1935483870967742
repo_ml_refit,oisst_only / Random Forest,C_new_decline_transition,new_decline_event_next,current_canopy_gt_0_05,0.13959195798173601,0.0,0.0,0.0,0.31333333333333335,18,28.0,0,47.0,93,18,0.1935483870967742
repo_ml_refit,oisst_only / XGBoost,C_new_decline_transition,new_decline_event_next,current_canopy_gt_0_05,0.14252432411546934,0.05555555555555555,0.03225806451612903,0.04081632653061224,0.3277777777777778,17,30.0,1,45.0,93,18,0.1935483870967742
repo_ml_refit,oisst_only / LightGBM,C_new_decline_transition,new_decline_event_next,current_canopy_gt_0_05,0.14765717417536983,0.05555555555555555,0.04,0.046511627906976744,0.3677777777777778,17,24.0,1,51.0,93,18,0.1935483870967742
repo_ml_refit,canopy_noaa / Logistic Regression,C_new_decline_transition,new_decline_event_next,current_canopy_gt_0_05,0.24111161055487879,0.16666666666666666,0.12,0.13953488372093023,0.43666666666666665,15,22.0,3,53.0,93,18,0.1935483870967742
repo_ml_refit,canopy_noaa / SVM,C_new_decline_transition,new_decline_event_next,current_canopy_gt_0_05,0.22353235535081303,0.0,0.0,0.0,0.5,18,0.0,0,75.0,93,18,0.1935483870967742
repo_ml_refit,canopy_noaa / Random Forest,C_new_decline_transition,new_decline_event_next,current_canopy_gt_0_05,0.14114651271848966,0.0,0.0,0.0,0.48,18,3.0,0,72.0,93,18,0.1935483870967742
repo_ml_refit,canopy_noaa / XGBoost,C_new_decline_transition,new_decline_event_next,current_canopy_gt_0_05,0.151670845598038,0.05555555555555555,0.09090909090909091,0.06896551724137931,0.46111111111111114,17,10.0,1,65.0,93,18,0.1935483870967742
repo_ml_refit,canopy_noaa / LightGBM,C_new_decline_transition,new_decline_event_next,current_canopy_gt_0_05,0.19876350648836566,0.05555555555555555,0.16666666666666666,0.08333333333333333,0.49444444444444446,17,5.0,1,70.0,93,18,0.1935483870967742
repo_ml_refit,canopy_only / Logistic Regression,C_new_decline_transition,new_decline_event_next,current_canopy_ge_historical_p50,0.4586574717519959,0.4666666666666667,0.3684210526315789,0.4117647058823529,0.5568627450980392,8,12.0,7,22.0,49,15,0.30612244897959184
repo_ml_refit,canopy_only / SVM,C_new_decline_transition,new_decline_event_next,current_canopy_ge_historical_p50,0.46077471574166795,0.0,0.0,0.0,0.5,15,0.0,0,34.0,49,15,0.30612244897959184
repo_ml_refit,canopy_only / Random Forest,C_new_decline_transition,new_decline_event_next,current_canopy_ge_historical_p50,0.5313855099656448,0.26666666666666666,0.5,0.34782608695652173,0.5745098039215686,11,4.0,4,30.0,49,15,0.30612244897959184
repo_ml_refit,canopy_only / XGBoost,C_new_decline_transition,new_decline_event_next,current_canopy_ge_historical_p50,0.38207987174235386,0.26666666666666666,0.3333333333333333,0.2962962962962963,0.5156862745098039,11,8.0,4,26.0,49,15,0.30612244897959184
repo_ml_refit,canopy_only / LightGBM,C_new_decline_transition,new_decline_event_next,current_canopy_ge_historical_p50,0.35732685630474537,0.2,0.3333333333333333,0.25,0.5117647058823529,12,6.0,3,28.0,49,15,0.30612244897959184
repo_ml_refit,oisst_only / Logistic Regression,C_new_decline_transition,new_decline_event_next,current_canopy_ge_historical_p50,0.33540416909982124,0.0,0.0,0.0,0.4117647058823529,15,6.0,0,28.0,49,15,0.30612244897959184
repo_ml_refit,oisst_only / SVM,C_new_decline_transition,new_decline_event_next,current_canopy_ge_historical_p50,0.21811974790631727,0.0,0.0,0.0,0.5,15,0.0,0,34.0,49,15,0.30612244897959184
repo_ml_refit,oisst_only / Random Forest,C_new_decline_transition,new_decline_event_next,current_canopy_ge_historical_p50,0.21483473539363263,0.0,0.0,0.0,0.38235294117647056,15,8.0,0,26.0,49,15,0.30612244897959184
repo_ml_refit,oisst_only / XGBoost,C_new_decline_transition,new_decline_event_next,current_canopy_ge_historical_p50,0.20829392725823814,0.0,0.0,0.0,0.27941176470588236,15,15.0,0,19.0,49,15,0.30612244897959184
repo_ml_refit,oisst_only / LightGBM,C_new_decline_transition,new_decline_event_next,current_canopy_ge_historical_p50,0.20216472263169732,0.0,0.0,0.0,0.38235294117647056,15,8.0,0,26.0,49,15,0.30612244897959184
repo_ml_refit,canopy_noaa / Logistic Regression,C_new_decline_transition,new_decline_event_next,current_canopy_ge_historical_p50,0.32410271902243204,0.06666666666666667,0.125,0.08695652173913043,0.43039215686274507,14,7.0,1,27.0,49,15,0.30612244897959184
repo_ml_refit,canopy_noaa / SVM,C_new_decline_transition,new_decline_event_next,current_canopy_ge_historical_p50,0.5165830174649281,0.06666666666666667,1.0,0.125,0.5333333333333333,14,0.0,1,34.0,49,15,0.30612244897959184
repo_ml_refit,canopy_noaa / Random Forest,C_new_decline_transition,new_decline_event_next,current_canopy_ge_historical_p50,0.2225137363279237,0.0,0.0,0.0,0.4117647058823529,15,6.0,0,28.0,49,15,0.30612244897959184
repo_ml_refit,canopy_noaa / XGBoost,C_new_decline_transition,new_decline_event_next,current_canopy_ge_historical_p50,0.24607733406100807,0.06666666666666667,0.125,0.08695652173913043,0.43039215686274507,14,7.0,1,27.0,49,15,0.30612244897959184
repo_ml_refit,canopy_noaa / LightGBM,C_new_decline_transition,new_decline_event_next,current_canopy_ge_historical_p50,0.24341721581530026,0.0,0.0,0.0,0.45588235294117646,15,3.0,0,31.0,49,15,0.30612244897959184
repo_ml_refit,canopy_only / Logistic Regression,C_new_decline_transition,new_decline_event_next,current_canopy_ge_historical_p75,0.5637755102040816,0.8571428571428571,0.5,0.631578947368421,0.7706766917293233,1,6.0,6,13.0,26,7,0.2692307692307692
repo_ml_refit,canopy_only / SVM,C_new_decline_transition,new_decline_event_next,current_canopy_ge_historical_p75,0.4810457516339869,0.0,0.0,0.0,0.5,7,0.0,0,19.0,26,7,0.2692307692307692
repo_ml_refit,canopy_only / Random Forest,C_new_decline_transition,new_decline_event_next,current_canopy_ge_historical_p75,0.4328385899814471,0.2857142857142857,0.5,0.36363636363636365,0.5902255639097744,5,2.0,2,17.0,26,7,0.2692307692307692
repo_ml_refit,canopy_only / XGBoost,C_new_decline_transition,new_decline_event_next,current_canopy_ge_historical_p75,0.6034521034521034,0.2857142857142857,0.5,0.36363636363636365,0.5902255639097744,5,2.0,2,17.0,26,7,0.2692307692307692
repo_ml_refit,canopy_only / LightGBM,C_new_decline_transition,new_decline_event_next,current_canopy_ge_historical_p75,0.5302626313683367,0.14285714285714285,1.0,0.25,0.5714285714285714,6,0.0,1,19.0,26,7,0.2692307692307692
repo_ml_refit,oisst_only / Logistic Regression,C_new_decline_transition,new_decline_event_next,current_canopy_ge_historical_p75,0.3062297179944239,0.0,0.0,0.0,0.39473684210526316,7,4.0,0,15.0,26,7,0.2692307692307692
repo_ml_refit,oisst_only / SVM,C_new_decline_transition,new_decline_event_next,current_canopy_ge_historical_p75,0.3547619047619048,0.0,0.0,0.0,0.5,7,0.0,0,19.0,26,7,0.2692307692307692
repo_ml_refit,oisst_only / Random Forest,C_new_decline_transition,new_decline_event_next,current_canopy_ge_historical_p75,0.29239869860987877,0.0,0.0,0.0,0.3684210526315789,7,5.0,0,14.0,26,7,0.2692307692307692
repo_ml_refit,oisst_only / XGBoost,C_new_decline_transition,new_decline_event_next,current_canopy_ge_historical_p75,0.2502061430632859,0.0,0.0,0.0,0.3684210526315789,7,5.0,0,14.0,26,7,0.2692307692307692
repo_ml_refit,oisst_only / LightGBM,C_new_decline_transition,new_decline_event_next,current_canopy_ge_historical_p75,0.2346434267486899,0.0,0.0,0.0,0.42105263157894735,7,3.0,0,16.0,26,7,0.2692307692307692
repo_ml_refit,canopy_noaa / Logistic Regression,C_new_decline_transition,new_decline_event_next,current_canopy_ge_historical_p75,0.3669159343072387,0.14285714285714285,0.16666666666666666,0.15384615384615385,0.4398496240601504,6,5.0,1,14.0,26,7,0.2692307692307692
repo_ml_refit,canopy_noaa / SVM,C_new_decline_transition,new_decline_event_next,current_canopy_ge_historical_p75,0.6394859109144824,0.0,0.0,0.0,0.5,7,0.0,0,19.0,26,7,0.2692307692307692
repo_ml_refit,canopy_noaa / Random Forest,C_new_decline_transition,new_decline_event_next,current_canopy_ge_historical_p75,0.40810411120970125,0.0,0.0,0.0,0.47368421052631576,7,1.0,0,18.0,26,7,0.2692307692307692
repo_ml_refit,canopy_noaa / XGBoost,C_new_decline_transition,new_decline_event_next,current_canopy_ge_historical_p75,0.42918280549859494,0.0,0.0,0.0,0.5,7,0.0,0,19.0,26,7,0.2692307692307692
repo_ml_refit,canopy_noaa / LightGBM,C_new_decline_transition,new_decline_event_next,current_canopy_ge_historical_p75,0.2961065849264607,0.0,0.0,0.0,0.47368421052631576,7,1.0,0,18.0,26,7,0.2692307692307692
repo_ml_refit,canopy_only / Logistic Regression,D_actionable_decline_drop,actionable_decline_drop_next,full_sample,0.5511782137790788,0.47058823529411764,0.6153846153846154,0.5333333333333333,0.705173635719348,18,10.0,16,156.0,200,34,0.17
repo_ml_refit,canopy_only / SVM,D_actionable_decline_drop,actionable_decline_drop_next,full_sample,0.5169712514001208,0.2647058823529412,0.5625,0.36,0.611268603827073,25,7.0,9,159.0,200,34,0.17
repo_ml_refit,canopy_only / Random Forest,D_actionable_decline_drop,actionable_decline_drop_next,full_sample,0.5374670151424825,0.5882352941176471,0.5714285714285714,0.5797101449275363,0.7489369241672572,14,15.0,20,151.0,200,34,0.17
repo_ml_refit,canopy_only / XGBoost,D_actionable_decline_drop,actionable_decline_drop_next,full_sample,0.45910301372682655,0.5588235294117647,0.4418604651162791,0.4935064935064935,0.7071226080793763,15,24.0,19,142.0,200,34,0.17
repo_ml_refit,canopy_only / LightGBM,D_actionable_decline_drop,actionable_decline_drop_next,full_sample,0.4632384969355211,0.5,0.5151515151515151,0.5074626865671642,0.7018072289156627,17,16.0,17,150.0,200,34,0.17
repo_ml_refit,oisst_only / Logistic Regression,D_actionable_decline_drop,actionable_decline_drop_next,full_sample,0.5432299710943455,1.0,0.40476190476190477,0.576271186440678,0.8493975903614458,0,50.0,34,116.0,200,34,0.17
repo_ml_refit,oisst_only / SVM,D_actionable_decline_drop,actionable_decline_drop_next,full_sample,0.19560011860768592,0.11764705882352941,0.16,0.13559322033898305,0.49557051736357194,30,21.0,4,145.0,200,34,0.17
repo_ml_refit,oisst_only / Random Forest,D_actionable_decline_drop,actionable_decline_drop_next,full_sample,0.11594903228095617,0.08823529411764706,0.039473684210526314,0.05454545454545454,0.32423812898653437,31,73.0,3,93.0,200,34,0.17
repo_ml_refit,oisst_only / XGBoost,D_actionable_decline_drop,actionable_decline_drop_next,full_sample,0.11212198223200714,0.058823529411764705,0.024691358024691357,0.034782608695652174,0.2914599574769667,32,79.0,2,87.0,200,34,0.17
repo_ml_refit,oisst_only / LightGBM,D_actionable_decline_drop,actionable_decline_drop_next,full_sample,0.11307404325034377,0.0,0.0,0.0,0.27710843373493976,34,74.0,0,92.0,200,34,0.17
repo_ml_refit,canopy_noaa / Logistic Regression,D_actionable_decline_drop,actionable_decline_drop_next,full_sample,0.4906828960287452,0.4117647058823529,0.6086956521739131,0.49122807017543857,0.6787739192062368,20,9.0,14,157.0,200,34,0.17
repo_ml_refit,canopy_noaa / SVM,D_actionable_decline_drop,actionable_decline_drop_next,full_sample,0.28497295318308835,0.0,0.0,0.0,0.45180722891566266,34,16.0,0,150.0,200,34,0.17
repo_ml_refit,canopy_noaa / Random Forest,D_actionable_decline_drop,actionable_decline_drop_next,full_sample,0.2956618281194917,0.17647058823529413,0.2222222222222222,0.19672131147540983,0.5249822820694543,28,21.0,6,145.0,200,34,0.17
repo_ml_refit,canopy_noaa / XGBoost,D_actionable_decline_drop,actionable_decline_drop_next,full_sample,0.27733217182483305,0.11764705882352941,0.12121212121212122,0.11940298507462686,0.4714741318214033,30,29.0,4,137.0,200,34,0.17
repo_ml_refit,canopy_noaa / LightGBM,D_actionable_decline_drop,actionable_decline_drop_next,full_sample,0.2891537895113906,0.11764705882352941,0.16,0.13559322033898305,0.49557051736357194,30,21.0,4,145.0,200,34,0.17
repo_ml_refit,canopy_only / Logistic Regression,D_actionable_decline_drop,actionable_decline_drop_next,current_canopy_gt_0_05,0.47152882253833184,0.38235294117647056,0.48148148148148145,0.4262295081967213,0.5725324027916251,21,14.0,13,45.0,93,34,0.3655913978494624
repo_ml_refit,canopy_only / SVM,D_actionable_decline_drop,actionable_decline_drop_next,current_canopy_gt_0_05,0.4240771182675803,0.11764705882352941,0.26666666666666666,0.16326530612244897,0.4656031904287139,30,11.0,4,48.0,93,34,0.3655913978494624
repo_ml_refit,canopy_only / Random Forest,D_actionable_decline_drop,actionable_decline_drop_next,current_canopy_gt_0_05,0.5016600388640218,0.29411764705882354,0.47619047619047616,0.36363636363636365,0.553838484546361,24,11.0,10,48.0,93,34,0.3655913978494624
repo_ml_refit,canopy_only / XGBoost,D_actionable_decline_drop,actionable_decline_drop_next,current_canopy_gt_0_05,0.45982972731227995,0.2647058823529412,0.42857142857142855,0.32727272727272727,0.5306580259222333,25,12.0,9,47.0,93,34,0.3655913978494624
repo_ml_refit,canopy_only / LightGBM,D_actionable_decline_drop,actionable_decline_drop_next,current_canopy_gt_0_05,0.4577254613586234,0.23529411764705882,0.4444444444444444,0.3076923076923077,0.532901296111665,26,10.0,8,49.0,93,34,0.3655913978494624
repo_ml_refit,oisst_only / Logistic Regression,D_actionable_decline_drop,actionable_decline_drop_next,current_canopy_gt_0_05,0.5265133375959519,0.6764705882352942,0.5609756097560976,0.6133333333333333,0.6856929212362912,11,18.0,23,41.0,93,34,0.3655913978494624
repo_ml_refit,oisst_only / SVM,D_actionable_decline_drop,actionable_decline_drop_next,current_canopy_gt_0_05,0.32133567756781944,0.14705882352941177,0.22727272727272727,0.17857142857142858,0.4294616151545364,29,17.0,5,42.0,93,34,0.3655913978494624
repo_ml_refit,oisst_only / Random Forest,D_actionable_decline_drop,actionable_decline_drop_next,current_canopy_gt_0_05,0.24291333520244143,0.23529411764705882,0.14035087719298245,0.17582417582417584,0.2023928215353938,26,49.0,8,10.0,93,34,0.3655913978494624
repo_ml_refit,oisst_only / XGBoost,D_actionable_decline_drop,actionable_decline_drop_next,current_canopy_gt_0_05,0.24150528525750323,0.14705882352941177,0.10638297872340426,0.12345679012345678,0.2175972083748754,29,42.0,5,17.0,93,34,0.3655913978494624
repo_ml_refit,oisst_only / LightGBM,D_actionable_decline_drop,actionable_decline_drop_next,current_canopy_gt_0_05,0.24402313487707716,0.11764705882352941,0.08888888888888889,0.10126582278481013,0.21136590229312063,30,41.0,4,18.0,93,34,0.3655913978494624
repo_ml_refit,canopy_noaa / Logistic Regression,D_actionable_decline_drop,actionable_decline_drop_next,current_canopy_gt_0_05,0.45971275980831167,0.20588235294117646,0.35,0.25925925925925924,0.49277168494516455,27,13.0,7,46.0,93,34,0.3655913978494624
repo_ml_refit,canopy_noaa / SVM,D_actionable_decline_drop,actionable_decline_drop_next,current_canopy_gt_0_05,0.37532423320358366,0.058823529411764705,0.16666666666666666,0.08695652173913043,0.44466600199401796,32,10.0,2,49.0,93,34,0.3655913978494624
repo_ml_refit,canopy_noaa / Random Forest,D_actionable_decline_drop,actionable_decline_drop_next,current_canopy_gt_0_05,0.27004600024512215,0.058823529411764705,0.125,0.08,0.4107676969092722,32,14.0,2,45.0,93,34,0.3655913978494624
repo_ml_refit,canopy_noaa / XGBoost,D_actionable_decline_drop,actionable_decline_drop_next,current_canopy_gt_0_05,0.27657820539630196,0.17647058823529413,0.24,0.2033898305084746,0.4272183449651047,28,19.0,6,40.0,93,34,0.3655913978494624
repo_ml_refit,canopy_noaa / LightGBM,D_actionable_decline_drop,actionable_decline_drop_next,current_canopy_gt_0_05,0.28160817001333815,0.14705882352941177,0.2,0.1694915254237288,0.4040378863409771,29,20.0,5,39.0,93,34,0.3655913978494624
repo_ml_refit,canopy_only / Logistic Regression,D_actionable_decline_drop,actionable_decline_drop_next,current_canopy_ge_historical_p50,0.5434118566308537,0.43478260869565216,0.5882352941176471,0.5,0.5827759197324415,13,7.0,10,19.0,49,23,0.46938775510204084
repo_ml_refit,canopy_only / SVM,D_actionable_decline_drop,actionable_decline_drop_next,current_canopy_ge_historical_p50,0.4802593911673545,0.21739130434782608,0.38461538461538464,0.2777777777777778,0.45484949832775917,18,8.0,5,18.0,49,23,0.46938775510204084
repo_ml_refit,canopy_only / Random Forest,D_actionable_decline_drop,actionable_decline_drop_next,current_canopy_ge_historical_p50,0.5589865621969173,0.30434782608695654,0.5384615384615384,0.3888888888888889,0.5367892976588629,16,6.0,7,20.0,49,23,0.46938775510204084
repo_ml_refit,canopy_only / XGBoost,D_actionable_decline_drop,actionable_decline_drop_next,current_canopy_ge_historical_p50,0.5265755713840684,0.21739130434782608,0.5555555555555556,0.3125,0.5317725752508361,18,4.0,5,22.0,49,23,0.46938775510204084
repo_ml_refit,canopy_only / LightGBM,D_actionable_decline_drop,actionable_decline_drop_next,current_canopy_ge_historical_p50,0.5348561548163282,0.21739130434782608,0.5555555555555556,0.3125,0.5317725752508361,18,4.0,5,22.0,49,23,0.46938775510204084
repo_ml_refit,oisst_only / Logistic Regression,D_actionable_decline_drop,actionable_decline_drop_next,current_canopy_ge_historical_p50,0.6907245355302908,0.8695652173913043,0.7692307692307693,0.8163265306122449,0.8193979933110368,3,6.0,20,20.0,49,23,0.46938775510204084
repo_ml_refit,oisst_only / SVM,D_actionable_decline_drop,actionable_decline_drop_next,current_canopy_ge_historical_p50,0.35761625467099295,0.17391304347826086,0.19047619047619047,0.18181818181818182,0.2600334448160535,19,17.0,4,9.0,49,23,0.46938775510204084
repo_ml_refit,oisst_only / Random Forest,D_actionable_decline_drop,actionable_decline_drop_next,current_canopy_ge_historical_p50,0.3329474311455525,0.17391304347826086,0.18181818181818182,0.17777777777777778,0.2408026755852843,19,18.0,4,8.0,49,23,0.46938775510204084
repo_ml_refit,oisst_only / XGBoost,D_actionable_decline_drop,actionable_decline_drop_next,current_canopy_ge_historical_p50,0.339247965153566,0.043478260869565216,0.06666666666666667,0.05263157894736842,0.2525083612040134,22,14.0,1,12.0,49,23,0.46938775510204084
repo_ml_refit,oisst_only / LightGBM,D_actionable_decline_drop,actionable_decline_drop_next,current_canopy_ge_historical_p50,0.3465975923015471,0.13043478260869565,0.2,0.15789473684210525,0.33444816053511706,20,12.0,3,14.0,49,23,0.46938775510204084
repo_ml_refit,canopy_noaa / Logistic Regression,D_actionable_decline_drop,actionable_decline_drop_next,current_canopy_ge_historical_p50,0.5730221636100552,0.17391304347826086,0.4444444444444444,0.25,0.4908026755852843,19,5.0,4,21.0,49,23,0.46938775510204084
repo_ml_refit,canopy_noaa / SVM,D_actionable_decline_drop,actionable_decline_drop_next,current_canopy_ge_historical_p50,0.38734109987815174,0.0,0.0,0.0,0.34615384615384615,23,8.0,0,18.0,49,23,0.46938775510204084
repo_ml_refit,canopy_noaa / Random Forest,D_actionable_decline_drop,actionable_decline_drop_next,current_canopy_ge_historical_p50,0.3579575625521406,0.043478260869565216,0.07692307692307693,0.05555555555555555,0.2909698996655518,22,12.0,1,14.0,49,23,0.46938775510204084
repo_ml_refit,canopy_noaa / XGBoost,D_actionable_decline_drop,actionable_decline_drop_next,current_canopy_ge_historical_p50,0.3785145870995136,0.043478260869565216,0.08333333333333333,0.05714285714285714,0.31020066889632103,22,11.0,1,15.0,49,23,0.46938775510204084
repo_ml_refit,canopy_noaa / LightGBM,D_actionable_decline_drop,actionable_decline_drop_next,current_canopy_ge_historical_p50,0.38793360884354805,0.08695652173913043,0.16666666666666666,0.11428571428571428,0.3511705685618729,21,10.0,2,16.0,49,23,0.46938775510204084
repo_ml_refit,canopy_only / Logistic Regression,D_actionable_decline_drop,actionable_decline_drop_next,current_canopy_ge_historical_p75,0.45742117359764417,0.23076923076923078,0.42857142857142855,0.3,0.46153846153846156,10,4.0,3,9.0,26,13,0.5
repo_ml_refit,canopy_only / SVM,D_actionable_decline_drop,actionable_decline_drop_next,current_canopy_ge_historical_p75,0.47520735893531696,1.0,0.5,0.6666666666666666,0.5,0,13.0,13,0.0,26,13,0.5
repo_ml_refit,canopy_only / Random Forest,D_actionable_decline_drop,actionable_decline_drop_next,current_canopy_ge_historical_p75,0.5715501749712276,0.46153846153846156,0.6,0.5217391304347826,0.5769230769230769,7,4.0,6,9.0,26,13,0.5
repo_ml_refit,canopy_only / XGBoost,D_actionable_decline_drop,actionable_decline_drop_next,current_canopy_ge_historical_p75,0.5386686327749676,0.38461538461538464,0.45454545454545453,0.4166666666666667,0.46153846153846156,8,6.0,5,7.0,26,13,0.5
repo_ml_refit,canopy_only / LightGBM,D_actionable_decline_drop,actionable_decline_drop_next,current_canopy_ge_historical_p75,0.5475244278313331,0.46153846153846156,0.46153846153846156,0.46153846153846156,0.46153846153846156,7,7.0,6,6.0,26,13,0.5
repo_ml_refit,oisst_only / Logistic Regression,D_actionable_decline_drop,actionable_decline_drop_next,current_canopy_ge_historical_p75,0.6308570263321395,0.9230769230769231,0.7058823529411765,0.8,0.7692307692307693,1,5.0,12,8.0,26,13,0.5
repo_ml_refit,oisst_only / SVM,D_actionable_decline_drop,actionable_decline_drop_next,current_canopy_ge_historical_p75,0.3822644022644023,0.6153846153846154,0.38095238095238093,0.47058823529411764,0.3076923076923077,5,13.0,8,0.0,26,13,0.5
repo_ml_refit,oisst_only / Random Forest,D_actionable_decline_drop,actionable_decline_drop_next,current_canopy_ge_historical_p75,0.3626797914318753,0.38461538461538464,0.29411764705882354,0.3333333333333333,0.23076923076923078,8,12.0,5,1.0,26,13,0.5
repo_ml_refit,oisst_only / XGBoost,D_actionable_decline_drop,actionable_decline_drop_next,current_canopy_ge_historical_p75,0.39709731422613376,0.38461538461538464,0.3333333333333333,0.35714285714285715,0.3076923076923077,8,10.0,5,3.0,26,13,0.5
repo_ml_refit,oisst_only / LightGBM,D_actionable_decline_drop,actionable_decline_drop_next,current_canopy_ge_historical_p75,0.43403750994844115,0.6923076923076923,0.45,0.5454545454545454,0.4230769230769231,4,11.0,9,2.0,26,13,0.5
repo_ml_refit,canopy_noaa / Logistic Regression,D_actionable_decline_drop,actionable_decline_drop_next,current_canopy_ge_historical_p75,0.5110915674651088,0.23076923076923078,0.375,0.2857142857142857,0.42307692307692313,10,5.0,3,8.0,26,13,0.5
repo_ml_refit,canopy_noaa / SVM,D_actionable_decline_drop,actionable_decline_drop_next,current_canopy_ge_historical_p75,0.43644821387498217,0.38461538461538464,0.4166666666666667,0.4,0.42307692307692313,8,7.0,5,6.0,26,13,0.5
repo_ml_refit,canopy_noaa / Random Forest,D_actionable_decline_drop,actionable_decline_drop_next,current_canopy_ge_historical_p75,0.4473616305984003,0.07692307692307693,0.14285714285714285,0.1,0.3076923076923077,12,6.0,1,7.0,26,13,0.5
repo_ml_refit,canopy_noaa / XGBoost,D_actionable_decline_drop,actionable_decline_drop_next,current_canopy_ge_historical_p75,0.4856244434298733,0.23076923076923078,0.3333333333333333,0.2727272727272727,0.3846153846153846,10,6.0,3,7.0,26,13,0.5
repo_ml_refit,canopy_noaa / LightGBM,D_actionable_decline_drop,actionable_decline_drop_next,current_canopy_ge_historical_p75,0.4915925577690284,0.3076923076923077,0.4,0.34782608695652173,0.4230769230769231,9,6.0,4,7.0,26,13,0.5
v2_multiscale_existing,M0_nearest_grid_baseline / Logistic Regression L2,A_original_decline_state,decline_event_next,full_sample,0.800339695088934,0.8059701492537313,0.6666666666666666,0.7297297297297297,0.4938941655359565,26,54.0,108,,200,134,0.67
v2_multiscale_existing,M0_nearest_grid_baseline / Random Forest,A_original_decline_state,decline_event_next,full_sample,0.7633831744478944,0.208955223880597,0.875,0.3373493975903614,0.5741745816372682,106,4.0,28,,200,134,0.67
v2_multiscale_existing,M1_idw_k4_main_interpolation / Logistic Regression L2,A_original_decline_state,decline_event_next,full_sample,0.8022751315421924,0.8134328358208955,0.6687116564417178,0.734006734006734,0.4976255088195387,25,54.0,109,,200,134,0.67
v2_multiscale_existing,M1_idw_k4_main_interpolation / Random Forest,A_original_decline_state,decline_event_next,full_sample,0.7113983257801177,0.3059701492537313,0.6833333333333333,0.422680412371134,0.5090456806874717,93,19.0,41,,200,134,0.67
v2_multiscale_existing,M2_idw_k8_sensitivity / Logistic Regression L2,A_original_decline_state,decline_event_next,full_sample,0.8040503742280835,0.8134328358208955,0.6687116564417178,0.734006734006734,0.4976255088195387,25,54.0,109,,200,134,0.67
v2_multiscale_existing,M2_idw_k8_sensitivity / Random Forest,A_original_decline_state,decline_event_next,full_sample,0.7065444759235847,0.2761194029850746,0.7115384615384616,0.3978494623655914,0.5244233378561737,97,15.0,37,,200,134,0.67
v2_multiscale_existing,M3_buffer_25km / Logistic Regression L2,A_original_decline_state,decline_event_next,full_sample,0.806761507090717,0.8134328358208955,0.6646341463414634,0.7315436241610739,0.4900497512437811,25,55.0,109,,200,134,0.67
v2_multiscale_existing,M3_buffer_25km / Random Forest,A_original_decline_state,decline_event_next,full_sample,0.7660779577485628,0.1716417910447761,0.92,0.2893081761006289,0.5706693803708729,111,2.0,23,,200,134,0.67
v2_multiscale_existing,M3_fixed_30km_buffer / Logistic Regression L2,A_original_decline_state,decline_event_next,full_sample,0.8060702808102995,0.8134328358208955,0.6606060606060606,0.7290969899665551,0.4824739936680235,25,56.0,109,,200,134,0.67
v2_multiscale_existing,M3_fixed_30km_buffer / Random Forest,A_original_decline_state,decline_event_next,full_sample,0.7861204707128954,0.2313432835820895,1.0,0.3757575757575757,0.6156716417910448,103,0.0,31,,200,134,0.67
v2_multiscale_existing,M3_buffer_50km / Logistic Regression L2,A_original_decline_state,decline_event_next,full_sample,0.8016362211794382,0.8208955223880597,0.6586826347305389,0.7308970099667774,0.478629579375848,24,57.0,110,,200,134,0.67
v2_multiscale_existing,M3_buffer_50km / Random Forest,A_original_decline_state,decline_event_next,full_sample,0.7874337218183598,0.1940298507462686,0.9285714285714286,0.3209876543209876,0.5818634102216191,108,2.0,26,,200,134,0.67
v2_multiscale_existing,M3_buffer_75km / Logistic Regression L2,A_original_decline_state,decline_event_next,full_sample,0.8056457411756853,0.8134328358208955,0.6566265060240963,0.7266666666666667,0.4748982360922659,25,57.0,109,,200,134,0.67
v2_multiscale_existing,M3_buffer_75km / Random Forest,A_original_decline_state,decline_event_next,full_sample,0.7405406728548006,0.2164179104477611,0.90625,0.3493975903614458,0.5854816824966079,105,3.0,29,,200,134,0.67
v2_multiscale_existing,M4_multiscale_l1_regularized / Logistic Regression L1,A_original_decline_state,decline_event_next,full_sample,0.8047230525857606,0.7985074626865671,0.6729559748427673,0.7303754266211604,0.5053143374038896,27,52.0,107,,200,134,0.67
v2_multiscale_existing,M4_multiscale_random_forest / Random Forest,A_original_decline_state,decline_event_next,full_sample,0.7225380977126005,0.0970149253731343,0.9285714285714286,0.1756756756756756,0.5409317051108096,121,1.0,13,,200,134,0.67
v2_multiscale_existing,M0_nearest_grid_baseline / Logistic Regression L2,B_at_risk_original_decline_gt005,decline_event_next_at_risk_gt005,current_canopy_gt_0_05,0.3974620750146629,0.4,0.3272727272727272,0.36,0.3145833333333333,27,37.0,18,,93,45,0.4838709677419355
v2_multiscale_existing,M0_nearest_grid_baseline / Random Forest,B_at_risk_original_decline_gt005,decline_event_next_at_risk_gt005,current_canopy_gt_0_05,0.7407394948984867,0.2666666666666666,0.9230769230769232,0.4137931034482758,0.6229166666666667,33,1.0,12,,93,45,0.4838709677419355
v2_multiscale_existing,M1_idw_k4_main_interpolation / Logistic Regression L2,B_at_risk_original_decline_gt005,decline_event_next_at_risk_gt005,current_canopy_gt_0_05,0.4116860854618741,0.4222222222222222,0.3392857142857143,0.3762376237623762,0.3256944444444444,26,37.0,19,,93,45,0.4838709677419355
v2_multiscale_existing,M1_idw_k4_main_interpolation / Random Forest,B_at_risk_original_decline_gt005,decline_event_next_at_risk_gt005,current_canopy_gt_0_05,0.5854926675327357,0.1555555555555555,0.5,0.2372881355932203,0.5048611111111111,38,7.0,7,,93,45,0.4838709677419355
v2_multiscale_existing,M2_idw_k8_sensitivity / Logistic Regression L2,B_at_risk_original_decline_gt005,decline_event_next_at_risk_gt005,current_canopy_gt_0_05,0.4130523399820932,0.4444444444444444,0.3389830508474576,0.3846153846153846,0.3159722222222222,25,39.0,20,,93,45,0.4838709677419355
v2_multiscale_existing,M2_idw_k8_sensitivity / Random Forest,B_at_risk_original_decline_gt005,decline_event_next_at_risk_gt005,current_canopy_gt_0_05,0.5633031892547903,0.1777777777777777,0.6153846153846154,0.2758620689655172,0.5368055555555555,37,5.0,8,,93,45,0.4838709677419355
v2_multiscale_existing,M3_buffer_25km / Logistic Regression L2,B_at_risk_original_decline_gt005,decline_event_next_at_risk_gt005,current_canopy_gt_0_05,0.406079069237507,0.4444444444444444,0.3571428571428571,0.396039603960396,0.3472222222222222,25,36.0,20,,93,45,0.4838709677419355
v2_multiscale_existing,M3_buffer_25km / Random Forest,B_at_risk_original_decline_gt005,decline_event_next_at_risk_gt005,current_canopy_gt_0_05,0.5801119754247038,0.1111111111111111,0.8333333333333334,0.196078431372549,0.5451388888888888,40,1.0,5,,93,45,0.4838709677419355
v2_multiscale_existing,M3_fixed_30km_buffer / Logistic Regression L2,B_at_risk_original_decline_gt005,decline_event_next_at_risk_gt005,current_canopy_gt_0_05,0.4105339780024175,0.4666666666666667,0.35,0.4,0.3270833333333333,24,39.0,21,,93,45,0.4838709677419355
v2_multiscale_existing,M3_fixed_30km_buffer / Random Forest,B_at_risk_original_decline_gt005,decline_event_next_at_risk_gt005,current_canopy_gt_0_05,0.516787236011954,0.0,0.0,0.0,0.5,45,,0,,93,45,0.4838709677419355
v2_multiscale_existing,M3_buffer_50km / Logistic Regression L2,B_at_risk_original_decline_gt005,decline_event_next_at_risk_gt005,current_canopy_gt_0_05,0.4097860947828881,0.4444444444444444,0.3448275862068966,0.3883495145631068,0.3263888888888889,25,38.0,20,,93,45,0.4838709677419355
v2_multiscale_existing,M3_buffer_50km / Random Forest,B_at_risk_original_decline_gt005,decline_event_next_at_risk_gt005,current_canopy_gt_0_05,0.6416914341159237,0.0,0.0,0.0,0.5,45,,0,,93,45,0.4838709677419355
v2_multiscale_existing,M3_buffer_75km / Logistic Regression L2,B_at_risk_original_decline_gt005,decline_event_next_at_risk_gt005,current_canopy_gt_0_05,0.4177428360777681,0.4888888888888889,0.3492063492063492,0.4074074074074074,0.3173611111111111,23,41.0,22,,93,45,0.4838709677419355
v2_multiscale_existing,M3_buffer_75km / Random Forest,B_at_risk_original_decline_gt005,decline_event_next_at_risk_gt005,current_canopy_gt_0_05,0.5965785434434013,0.0,0.0,0.0,0.5,45,,0,,93,45,0.4838709677419355
v2_multiscale_existing,M4_multiscale_l1_regularized / Logistic Regression L1,B_at_risk_original_decline_gt005,decline_event_next_at_risk_gt005,current_canopy_gt_0_05,0.5298708241507748,0.6,0.45,0.5142857142857142,0.45625,18,33.0,27,,93,45,0.4838709677419355
v2_multiscale_existing,M4_multiscale_random_forest / Random Forest,B_at_risk_original_decline_gt005,decline_event_next_at_risk_gt005,current_canopy_gt_0_05,0.5551630215629576,0.0222222222222222,1.0,0.0434782608695652,0.5111111111111111,44,0.0,1,,93,45,0.4838709677419355
v2_multiscale_existing,M0_nearest_grid_baseline / Logistic Regression L2,C_new_decline_transition,new_decline_event_next,full_sample,0.1780436300778987,1.0,0.13,0.2300884955752212,0.5,0,174.0,26,,200,26,0.13
v2_multiscale_existing,M0_nearest_grid_baseline / Random Forest,C_new_decline_transition,new_decline_event_next,full_sample,0.2329678953024871,0.3076923076923077,0.2857142857142857,0.2962962962962963,0.5963748894783378,18,20.0,8,,200,26,0.13
v2_multiscale_existing,M1_idw_k4_main_interpolation / Logistic Regression L2,C_new_decline_transition,new_decline_event_next,full_sample,0.2056331007894849,1.0,0.13,0.2300884955752212,0.5,0,174.0,26,,200,26,0.13
v2_multiscale_existing,M1_idw_k4_main_interpolation / Random Forest,C_new_decline_transition,new_decline_event_next,full_sample,0.1727861337028418,0.0769230769230769,0.0869565217391304,0.0816326530612244,0.4781167108753316,24,21.0,2,,200,26,0.13
v2_multiscale_existing,M2_idw_k8_sensitivity / Logistic Regression L2,C_new_decline_transition,new_decline_event_next,full_sample,0.206002838841805,1.0,0.13,0.2300884955752212,0.5,0,174.0,26,,200,26,0.13
v2_multiscale_existing,M2_idw_k8_sensitivity / Random Forest,C_new_decline_transition,new_decline_event_next,full_sample,0.1766817813474239,0.1153846153846153,0.125,0.12,0.4973474801061008,23,21.0,3,,200,26,0.13
v2_multiscale_existing,M3_buffer_25km / Logistic Regression L2,C_new_decline_transition,new_decline_event_next,full_sample,0.1896760143935048,1.0,0.13,0.2300884955752212,0.5,0,174.0,26,,200,26,0.13
v2_multiscale_existing,M3_buffer_25km / Random Forest,C_new_decline_transition,new_decline_event_next,full_sample,0.2315007670720042,0.1538461538461538,0.2666666666666666,0.1951219512195122,0.5453138815207781,22,11.0,4,,200,26,0.13
v2_multiscale_existing,M3_fixed_30km_buffer / Logistic Regression L2,C_new_decline_transition,new_decline_event_next,full_sample,0.1970556240492054,1.0,0.13,0.2300884955752212,0.5,0,174.0,26,,200,26,0.13
v2_multiscale_existing,M3_fixed_30km_buffer / Random Forest,C_new_decline_transition,new_decline_event_next,full_sample,0.2168865261698757,0.1538461538461538,0.3076923076923077,0.2051282051282051,0.5510610079575597,22,9.0,4,,200,26,0.13
v2_multiscale_existing,M3_buffer_50km / Logistic Regression L2,C_new_decline_transition,new_decline_event_next,full_sample,0.1866868555833221,1.0,0.13,0.2300884955752212,0.5,0,174.0,26,,200,26,0.13
v2_multiscale_existing,M3_buffer_50km / Random Forest,C_new_decline_transition,new_decline_event_next,full_sample,0.2705746359314142,0.2307692307692307,0.4,0.2926829268292683,0.5895225464190982,20,9.0,6,,200,26,0.13
v2_multiscale_existing,M3_buffer_75km / Logistic Regression L2,C_new_decline_transition,new_decline_event_next,full_sample,0.1933352383471023,1.0,0.13,0.2300884955752212,0.5,0,174.0,26,,200,26,0.13
v2_multiscale_existing,M3_buffer_75km / Random Forest,C_new_decline_transition,new_decline_event_next,full_sample,0.2819358076104947,0.1923076923076923,0.3125,0.238095238095238,0.5645446507515474,21,11.0,5,,200,26,0.13
v2_multiscale_existing,M4_multiscale_l1_regularized / Logistic Regression L1,C_new_decline_transition,new_decline_event_next,full_sample,0.2027891838279442,0.8461538461538461,0.1333333333333333,0.2303664921465968,0.512157382847038,4,143.0,22,,200,26,0.13
v2_multiscale_existing,M4_multiscale_random_forest / Random Forest,C_new_decline_transition,new_decline_event_next,full_sample,0.1314792430680096,0.1153846153846153,0.1666666666666666,0.1363636363636363,0.5145888594164456,23,15.0,3,,200,26,0.13
v2_multiscale_existing,M0_nearest_grid_baseline / Logistic Regression L2,D_actionable_decline_drop,actionable_decline_drop_next,full_sample,0.385560822844912,1.0,0.1808510638297872,0.3063063063063063,0.536144578313253,0,154.0,34,,200,34,0.17
v2_multiscale_existing,M0_nearest_grid_baseline / Random Forest,D_actionable_decline_drop,actionable_decline_drop_next,full_sample,0.1992795841891905,0.7647058823529411,0.2363636363636363,0.3611111111111111,0.6293408929836994,8,84.0,26,,200,34,0.17
v2_multiscale_existing,M1_idw_k4_main_interpolation / Logistic Regression L2,D_actionable_decline_drop,actionable_decline_drop_next,full_sample,0.3059235433884076,1.0,0.1761658031088082,0.2995594713656387,0.5210843373493976,0,159.0,34,,200,34,0.17
v2_multiscale_existing,M1_idw_k4_main_interpolation / Random Forest,D_actionable_decline_drop,actionable_decline_drop_next,full_sample,0.302270883624946,0.5,0.2151898734177215,0.3008849557522124,0.5632530120481928,17,62.0,17,,200,34,0.17
v2_multiscale_existing,M2_idw_k8_sensitivity / Logistic Regression L2,D_actionable_decline_drop,actionable_decline_drop_next,full_sample,0.3062123214463854,1.0,0.1761658031088082,0.2995594713656387,0.5210843373493976,0,159.0,34,,200,34,0.17
v2_multiscale_existing,M2_idw_k8_sensitivity / Random Forest,D_actionable_decline_drop,actionable_decline_drop_next,full_sample,0.2698481497360258,0.4705882352941176,0.2191780821917808,0.2990654205607476,0.5636073706591069,18,57.0,16,,200,34,0.17
v2_multiscale_existing,M3_buffer_25km / Logistic Regression L2,D_actionable_decline_drop,actionable_decline_drop_next,full_sample,0.3713512922986985,1.0,0.1798941798941798,0.3049327354260089,0.5331325301204819,0,155.0,34,,200,34,0.17
v2_multiscale_existing,M3_buffer_25km / Random Forest,D_actionable_decline_drop,actionable_decline_drop_next,full_sample,0.1666176983345676,0.5,0.1650485436893204,0.2481751824817518,0.4909638554216867,17,86.0,17,,200,34,0.17
v2_multiscale_existing,M3_fixed_30km_buffer / Logistic Regression L2,D_actionable_decline_drop,actionable_decline_drop_next,full_sample,0.3781434787236061,1.0,0.1798941798941798,0.3049327354260089,0.5331325301204819,0,155.0,34,,200,34,0.17
v2_multiscale_existing,M3_fixed_30km_buffer / Random Forest,D_actionable_decline_drop,actionable_decline_drop_next,full_sample,0.1744216497412705,0.4411764705882353,0.1704545454545454,0.2459016393442623,0.5007087172218285,19,73.0,15,,200,34,0.17
v2_multiscale_existing,M3_buffer_50km / Logistic Regression L2,D_actionable_decline_drop,actionable_decline_drop_next,full_sample,0.3869808427966758,1.0,0.1827956989247312,0.3090909090909091,0.5421686746987951,0,152.0,34,,200,34,0.17
v2_multiscale_existing,M3_buffer_50km / Random Forest,D_actionable_decline_drop,actionable_decline_drop_next,full_sample,0.15615973673269,0.4117647058823529,0.1308411214953271,0.1985815602836879,0.4257618710134656,20,93.0,14,,200,34,0.17
v2_multiscale_existing,M3_buffer_75km / Logistic Regression L2,D_actionable_decline_drop,actionable_decline_drop_next,full_sample,0.3839069624375175,1.0,0.1827956989247312,0.3090909090909091,0.5421686746987951,0,152.0,34,,200,34,0.17
v2_multiscale_existing,M3_buffer_75km / Random Forest,D_actionable_decline_drop,actionable_decline_drop_next,full_sample,0.1886891979905577,0.7058823529411765,0.1935483870967742,0.3037974683544304,0.5517363571934798,10,100.0,24,,200,34,0.17
v2_multiscale_existing,M4_multiscale_l1_regularized / Logistic Regression L1,D_actionable_decline_drop,actionable_decline_drop_next,full_sample,0.3493818952723855,1.0,0.1837837837837838,0.3105022831050228,0.5451807228915663,0,151.0,34,,200,34,0.17
v2_multiscale_existing,M4_multiscale_random_forest / Random Forest,D_actionable_decline_drop,actionable_decline_drop_next,full_sample,0.1516225716894824,0.1764705882352941,0.0789473684210526,0.109090909090909,0.3773919206236711,28,70.0,6,,200,34,0.17
