target_definition,target,comparison,scale,model_family,validation_design,held_out_region,n_train,n_test,test_positive_events,test_event_prevalence,pr_auc,roc_auc,recall,precision,f1,balanced_accuracy,brier_score,feature_count,features
A_original_decline_state,decline_event_next,M0_nearest_grid_baseline,nearest,Logistic Regression L2,temporal_holdout,none,1400,200,134,0.67,0.800339695088934,0.6272614201718679,0.8059701492537313,0.6666666666666666,0.7297297297297297,0.49389416553595655,0.2244322367504533,5,oisst_nearest_annual_mean_sst_anomaly_mean;oisst_nearest_hot_days_p90_mean;lag1_oisst_nearest_hot_days_p90_mean;cuti_anomaly;beuti_anomaly
A_original_decline_state,decline_event_next,M0_nearest_grid_baseline,nearest,Random Forest,temporal_holdout,none,1400,200,134,0.67,0.7633831744478944,0.6443351424694708,0.208955223880597,0.875,0.3373493975903614,0.5741745816372682,0.2749973670391554,5,oisst_nearest_annual_mean_sst_anomaly_mean;oisst_nearest_hot_days_p90_mean;lag1_oisst_nearest_hot_days_p90_mean;cuti_anomaly;beuti_anomaly
A_original_decline_state,decline_event_next,M1_idw_k4_main_interpolation,idw_k4,Logistic Regression L2,temporal_holdout,none,1400,200,134,0.67,0.8022751315421924,0.6277702397105382,0.8134328358208955,0.6687116564417178,0.734006734006734,0.4976255088195387,0.22417937259062895,4,oisst_idw_k4_annual_mean_sst_anomaly_idw;oisst_idw_k4_hot_days_p90_idw;cuti_anomaly;beuti_anomaly
A_original_decline_state,decline_event_next,M1_idw_k4_main_interpolation,idw_k4,Random Forest,temporal_holdout,none,1400,200,134,0.67,0.7113983257801177,0.6040818634102217,0.30597014925373134,0.6833333333333333,0.422680412371134,0.5090456806874717,0.2983164322750431,4,oisst_idw_k4_annual_mean_sst_anomaly_idw;oisst_idw_k4_hot_days_p90_idw;cuti_anomaly;beuti_anomaly
A_original_decline_state,decline_event_next,M2_idw_k8_sensitivity,idw_k8,Logistic Regression L2,temporal_holdout,none,1400,200,134,0.67,0.8040503742280835,0.6304839439167798,0.8134328358208955,0.6687116564417178,0.734006734006734,0.4976255088195387,0.22418021108543915,4,oisst_idw_k8_annual_mean_sst_anomaly_idw;oisst_idw_k8_hot_days_p90_idw;cuti_anomaly;beuti_anomaly
A_original_decline_state,decline_event_next,M2_idw_k8_sensitivity,idw_k8,Random Forest,temporal_holdout,none,1400,200,134,0.67,0.7065444759235847,0.6162369968340118,0.27611940298507465,0.7115384615384616,0.3978494623655914,0.5244233378561737,0.2970994118385451,4,oisst_idw_k8_annual_mean_sst_anomaly_idw;oisst_idw_k8_hot_days_p90_idw;cuti_anomaly;beuti_anomaly
A_original_decline_state,decline_event_next,M3_buffer_25km,25km,Logistic Regression L2,temporal_holdout,none,1400,200,134,0.67,0.806761507090717,0.6359678878335595,0.8134328358208955,0.6646341463414634,0.7315436241610739,0.4900497512437811,0.22396485872543992,5,oisst_25km_annual_mean_sst_anomaly_mean;oisst_25km_hot_days_p90_mean;lag1_oisst_25km_hot_days_p90_mean;cuti_anomaly;beuti_anomaly
A_original_decline_state,decline_event_next,M3_buffer_25km,25km,Random Forest,temporal_holdout,none,1400,200,134,0.67,0.7660779577485628,0.5752487562189054,0.17164179104477612,0.92,0.2893081761006289,0.5706693803708729,0.2957379586776214,5,oisst_25km_annual_mean_sst_anomaly_mean;oisst_25km_hot_days_p90_mean;lag1_oisst_25km_hot_days_p90_mean;cuti_anomaly;beuti_anomaly
A_original_decline_state,decline_event_next,M3_fixed_30km_buffer,30km,Logistic Regression L2,temporal_holdout,none,1400,200,134,0.67,0.8060702808102995,0.636420171867933,0.8134328358208955,0.6606060606060606,0.7290969899665551,0.4824739936680235,0.22390991821819545,5,oisst_30km_annual_mean_sst_anomaly_mean;oisst_30km_hot_days_p90_mean;lag1_oisst_30km_hot_days_p90_mean;cuti_anomaly;beuti_anomaly
A_original_decline_state,decline_event_next,M3_fixed_30km_buffer,30km,Random Forest,temporal_holdout,none,1400,200,134,0.67,0.7861204707128954,0.6002374491180461,0.23134328358208955,1.0,0.37575757575757573,0.6156716417910448,0.28777608763989543,5,oisst_30km_annual_mean_sst_anomaly_mean;oisst_30km_hot_days_p90_mean;lag1_oisst_30km_hot_days_p90_mean;cuti_anomaly;beuti_anomaly
A_original_decline_state,decline_event_next,M3_buffer_50km,50km,Logistic Regression L2,temporal_holdout,none,1400,200,134,0.67,0.8016362211794382,0.628165988240615,0.8208955223880597,0.6586826347305389,0.7308970099667774,0.47862957937584805,0.22437917267902224,5,oisst_50km_annual_mean_sst_anomaly_mean;oisst_50km_hot_days_p90_mean;lag1_oisst_50km_hot_days_p90_mean;cuti_anomaly;beuti_anomaly
A_original_decline_state,decline_event_next,M3_buffer_50km,50km,Random Forest,temporal_holdout,none,1400,200,134,0.67,0.7874337218183598,0.5932270465852555,0.19402985074626866,0.9285714285714286,0.32098765432098764,0.5818634102216191,0.3091285261372824,5,oisst_50km_annual_mean_sst_anomaly_mean;oisst_50km_hot_days_p90_mean;lag1_oisst_50km_hot_days_p90_mean;cuti_anomaly;beuti_anomaly
A_original_decline_state,decline_event_next,M3_buffer_75km,75km,Logistic Regression L2,temporal_holdout,none,1400,200,134,0.67,0.8056457411756853,0.6273744911804613,0.8134328358208955,0.6566265060240963,0.7266666666666667,0.47489823609226595,0.22382092369508183,5,oisst_75km_annual_mean_sst_anomaly_mean;oisst_75km_hot_days_p90_mean;lag1_oisst_75km_hot_days_p90_mean;cuti_anomaly;beuti_anomaly
A_original_decline_state,decline_event_next,M3_buffer_75km,75km,Random Forest,temporal_holdout,none,1400,200,134,0.67,0.7405406728548006,0.5853686114880144,0.21641791044776118,0.90625,0.3493975903614458,0.5854816824966079,0.3016046699566005,5,oisst_75km_annual_mean_sst_anomaly_mean;oisst_75km_hot_days_p90_mean;lag1_oisst_75km_hot_days_p90_mean;cuti_anomaly;beuti_anomaly
A_original_decline_state,decline_event_next,M4_multiscale_l1_regularized,multi,Logistic Regression L1,temporal_holdout,none,1400,200,134,0.67,0.8047230525857606,0.632688828584351,0.7985074626865671,0.6729559748427673,0.7303754266211604,0.5053143374038896,0.2246698997880666,21,oisst_nearest_annual_mean_sst_anomaly_mean;oisst_nearest_hot_days_p90_mean;lag1_oisst_nearest_hot_days_p90_mean;oisst_idw_k4_annual_mean_sst_anomaly_idw;oisst_idw_k4_hot_days_p90_idw;oisst_idw_k8_annual_mean_sst_anomaly_idw;oisst_idw_k8_hot_days_p90_idw;oisst_25km_annual_mean_sst_anomaly_mean;oisst_25km_hot_days_p90_mean;lag1_oisst_25km_hot_days_p90_mean;oisst_30km_annual_mean_sst_anomaly_mean;oisst_30km_hot_days_p90_mean;lag1_oisst_30km_hot_days_p90_mean;oisst_50km_annual_mean_sst_anomaly_mean;oisst_50km_hot_days_p90_mean;lag1_oisst_50km_hot_days_p90_mean;oisst_75km_annual_mean_sst_anomaly_mean;oisst_75km_hot_days_p90_mean;lag1_oisst_75km_hot_days_p90_mean;cuti_anomaly;beuti_anomaly
A_original_decline_state,decline_event_next,M4_multiscale_random_forest,multi,Random Forest,temporal_holdout,none,1400,200,134,0.67,0.7225380977126005,0.5161126187245589,0.09701492537313433,0.9285714285714286,0.17567567567567569,0.5409317051108096,0.3240029267924156,21,oisst_nearest_annual_mean_sst_anomaly_mean;oisst_nearest_hot_days_p90_mean;lag1_oisst_nearest_hot_days_p90_mean;oisst_idw_k4_annual_mean_sst_anomaly_idw;oisst_idw_k4_hot_days_p90_idw;oisst_idw_k8_annual_mean_sst_anomaly_idw;oisst_idw_k8_hot_days_p90_idw;oisst_25km_annual_mean_sst_anomaly_mean;oisst_25km_hot_days_p90_mean;lag1_oisst_25km_hot_days_p90_mean;oisst_30km_annual_mean_sst_anomaly_mean;oisst_30km_hot_days_p90_mean;lag1_oisst_30km_hot_days_p90_mean;oisst_50km_annual_mean_sst_anomaly_mean;oisst_50km_hot_days_p90_mean;lag1_oisst_50km_hot_days_p90_mean;oisst_75km_annual_mean_sst_anomaly_mean;oisst_75km_hot_days_p90_mean;lag1_oisst_75km_hot_days_p90_mean;cuti_anomaly;beuti_anomaly
A_original_decline_state,decline_event_next,M0_nearest_grid_baseline,nearest,Logistic Regression L2,region_holdout,Central California,512,136,74,0.5441176470588235,0.5032271789186057,0.4109633827375763,0.7027027027027027,0.4727272727272727,0.5652173913043478,0.38360941586748043,0.30052465434473125,5,oisst_nearest_annual_mean_sst_anomaly_mean;oisst_nearest_hot_days_p90_mean;lag1_oisst_nearest_hot_days_p90_mean;cuti_anomaly;beuti_anomaly
A_original_decline_state,decline_event_next,M0_nearest_grid_baseline,nearest,Random Forest,region_holdout,Central California,512,136,74,0.5441176470588235,0.4847894836681178,0.39483435047951176,0.33783783783783783,0.43103448275862066,0.3787878787878788,0.40278988666085436,0.3337180349840277,5,oisst_nearest_annual_mean_sst_anomaly_mean;oisst_nearest_hot_days_p90_mean;lag1_oisst_nearest_hot_days_p90_mean;cuti_anomaly;beuti_anomaly
A_original_decline_state,decline_event_next,M1_idw_k4_main_interpolation,idw_k4,Logistic Regression L2,region_holdout,Central California,512,136,74,0.5441176470588235,0.4908226906678209,0.38121185701830873,0.8378378378378378,0.5166666666666667,0.6391752577319587,0.451176983435048,0.29300905499051905,4,oisst_idw_k4_annual_mean_sst_anomaly_idw;oisst_idw_k4_hot_days_p90_idw;cuti_anomaly;beuti_anomaly
A_original_decline_state,decline_event_next,M1_idw_k4_main_interpolation,idw_k4,Random Forest,region_holdout,Central California,512,136,74,0.5441176470588235,0.5201268229947739,0.4699215344376635,0.2972972972972973,0.4888888888888889,0.3697478991596639,0.4631647776809067,0.29805454178261714,4,oisst_idw_k4_annual_mean_sst_anomaly_idw;oisst_idw_k4_hot_days_p90_idw;cuti_anomaly;beuti_anomaly
A_original_decline_state,decline_event_next,M2_idw_k8_sensitivity,idw_k8,Logistic Regression L2,region_holdout,Central California,512,136,74,0.5441176470588235,0.49290205915940744,0.3846992153443766,0.8378378378378378,0.5166666666666667,0.6391752577319587,0.451176983435048,0.2929985345347528,4,oisst_idw_k8_annual_mean_sst_anomaly_idw;oisst_idw_k8_hot_days_p90_idw;cuti_anomaly;beuti_anomaly
A_original_decline_state,decline_event_next,M2_idw_k8_sensitivity,idw_k8,Random Forest,region_holdout,Central California,512,136,74,0.5441176470588235,0.5256981993986453,0.44834350479511775,0.36486486486486486,0.5094339622641509,0.4251968503937008,0.4727550130775937,0.2934605828272505,4,oisst_idw_k8_annual_mean_sst_anomaly_idw;oisst_idw_k8_hot_days_p90_idw;cuti_anomaly;beuti_anomaly
A_original_decline_state,decline_event_next,M3_buffer_25km,25km,Logistic Regression L2,region_holdout,Central California,512,136,74,0.5441176470588235,0.5067768346264939,0.4216434176111596,0.7027027027027027,0.47706422018348627,0.5683060109289617,0.3916739319965127,0.2972748721317776,5,oisst_25km_annual_mean_sst_anomaly_mean;oisst_25km_hot_days_p90_mean;lag1_oisst_25km_hot_days_p90_mean;cuti_anomaly;beuti_anomaly
A_original_decline_state,decline_event_next,M3_buffer_25km,25km,Random Forest,region_holdout,Central California,512,136,74,0.5441176470588235,0.49692777593745685,0.40355274629468174,0.4189189189189189,0.484375,0.4492753623188406,0.4433304272013949,0.33149854727590394,5,oisst_25km_annual_mean_sst_anomaly_mean;oisst_25km_hot_days_p90_mean;lag1_oisst_25km_hot_days_p90_mean;cuti_anomaly;beuti_anomaly
A_original_decline_state,decline_event_next,M3_fixed_30km_buffer,30km,Logistic Regression L2,region_holdout,Central California,512,136,74,0.5441176470588235,0.5017176993258934,0.422079337401918,0.7027027027027027,0.47706422018348627,0.5683060109289617,0.3916739319965127,0.29719786202712795,5,oisst_30km_annual_mean_sst_anomaly_mean;oisst_30km_hot_days_p90_mean;lag1_oisst_30km_hot_days_p90_mean;cuti_anomaly;beuti_anomaly
A_original_decline_state,decline_event_next,M3_fixed_30km_buffer,30km,Random Forest,region_holdout,Central California,512,136,74,0.5441176470588235,0.49186102994347025,0.39243679163034,0.44594594594594594,0.4925373134328358,0.46808510638297873,0.44877942458587616,0.3270288440726112,5,oisst_30km_annual_mean_sst_anomaly_mean;oisst_30km_hot_days_p90_mean;lag1_oisst_30km_hot_days_p90_mean;cuti_anomaly;beuti_anomaly
A_original_decline_state,decline_event_next,M3_buffer_50km,50km,Logistic Regression L2,region_holdout,Central California,512,136,74,0.5441176470588235,0.5008227852554247,0.4190278988666086,0.7162162162162162,0.4774774774774775,0.572972972972973,0.3903661726242371,0.29862340624901035,5,oisst_50km_annual_mean_sst_anomaly_mean;oisst_50km_hot_days_p90_mean;lag1_oisst_50km_hot_days_p90_mean;cuti_anomaly;beuti_anomaly
A_original_decline_state,decline_event_next,M3_buffer_50km,50km,Random Forest,region_holdout,Central California,512,136,74,0.5441176470588235,0.4770886677998443,0.39178291194420223,0.36486486486486486,0.46551724137931033,0.4090909090909091,0.43243243243243246,0.31954287858610697,5,oisst_50km_annual_mean_sst_anomaly_mean;oisst_50km_hot_days_p90_mean;lag1_oisst_50km_hot_days_p90_mean;cuti_anomaly;beuti_anomaly
A_original_decline_state,decline_event_next,M3_buffer_75km,75km,Logistic Regression L2,region_holdout,Central California,512,136,74,0.5441176470588235,0.5175401580908869,0.4345030514385353,0.7162162162162162,0.4774774774774775,0.572972972972973,0.3903661726242371,0.29697526898967375,5,oisst_75km_annual_mean_sst_anomaly_mean;oisst_75km_hot_days_p90_mean;lag1_oisst_75km_hot_days_p90_mean;cuti_anomaly;beuti_anomaly
A_original_decline_state,decline_event_next,M3_buffer_75km,75km,Random Forest,region_holdout,Central California,512,136,74,0.5441176470588235,0.5232828407863451,0.4191368788142982,0.2972972972972973,0.4,0.34108527131782945,0.3825196163905841,0.296906393434137,5,oisst_75km_annual_mean_sst_anomaly_mean;oisst_75km_hot_days_p90_mean;lag1_oisst_75km_hot_days_p90_mean;cuti_anomaly;beuti_anomaly
A_original_decline_state,decline_event_next,M4_multiscale_l1_regularized,multi,Logistic Regression L1,region_holdout,Central California,512,136,74,0.5441176470588235,0.506015986233243,0.4191368788142982,0.7162162162162162,0.4732142857142857,0.5698924731182796,0.38230165649520487,0.30326463560553524,21,oisst_nearest_annual_mean_sst_anomaly_mean;oisst_nearest_hot_days_p90_mean;lag1_oisst_nearest_hot_days_p90_mean;oisst_idw_k4_annual_mean_sst_anomaly_idw;oisst_idw_k4_hot_days_p90_idw;oisst_idw_k8_annual_mean_sst_anomaly_idw;oisst_idw_k8_hot_days_p90_idw;oisst_25km_annual_mean_sst_anomaly_mean;oisst_25km_hot_days_p90_mean;lag1_oisst_25km_hot_days_p90_mean;oisst_30km_annual_mean_sst_anomaly_mean;oisst_30km_hot_days_p90_mean;lag1_oisst_30km_hot_days_p90_mean;oisst_50km_annual_mean_sst_anomaly_mean;oisst_50km_hot_days_p90_mean;lag1_oisst_50km_hot_days_p90_mean;oisst_75km_annual_mean_sst_anomaly_mean;oisst_75km_hot_days_p90_mean;lag1_oisst_75km_hot_days_p90_mean;cuti_anomaly;beuti_anomaly
A_original_decline_state,decline_event_next,M4_multiscale_random_forest,multi,Random Forest,region_holdout,Central California,512,136,74,0.5441176470588235,0.48994220197872634,0.42556669572798606,0.43243243243243246,0.5161290322580645,0.47058823529411764,0.4742807323452485,0.32385938136784864,21,oisst_nearest_annual_mean_sst_anomaly_mean;oisst_nearest_hot_days_p90_mean;lag1_oisst_nearest_hot_days_p90_mean;oisst_idw_k4_annual_mean_sst_anomaly_idw;oisst_idw_k4_hot_days_p90_idw;oisst_idw_k8_annual_mean_sst_anomaly_idw;oisst_idw_k8_hot_days_p90_idw;oisst_25km_annual_mean_sst_anomaly_mean;oisst_25km_hot_days_p90_mean;lag1_oisst_25km_hot_days_p90_mean;oisst_30km_annual_mean_sst_anomaly_mean;oisst_30km_hot_days_p90_mean;lag1_oisst_30km_hot_days_p90_mean;oisst_50km_annual_mean_sst_anomaly_mean;oisst_50km_hot_days_p90_mean;lag1_oisst_50km_hot_days_p90_mean;oisst_75km_annual_mean_sst_anomaly_mean;oisst_75km_hot_days_p90_mean;lag1_oisst_75km_hot_days_p90_mean;cuti_anomaly;beuti_anomaly
A_original_decline_state,decline_event_next,M0_nearest_grid_baseline,nearest,Logistic Regression L2,region_holdout,Northern California,1088,64,60,0.9375,0.944196816465173,0.5291666666666667,0.23333333333333334,0.875,0.3684210526315789,0.3666666666666667,0.2951991330229124,5,oisst_nearest_annual_mean_sst_anomaly_mean;oisst_nearest_hot_days_p90_mean;lag1_oisst_nearest_hot_days_p90_mean;cuti_anomaly;beuti_anomaly
A_original_decline_state,decline_event_next,M0_nearest_grid_baseline,nearest,Random Forest,region_holdout,Northern California,1088,64,60,0.9375,0.9564546942201146,0.4875,0.0,0.0,0.0,0.5,0.42278838361878546,5,oisst_nearest_annual_mean_sst_anomaly_mean;oisst_nearest_hot_days_p90_mean;lag1_oisst_nearest_hot_days_p90_mean;cuti_anomaly;beuti_anomaly
A_original_decline_state,decline_event_next,M1_idw_k4_main_interpolation,idw_k4,Logistic Regression L2,region_holdout,Northern California,1088,64,60,0.9375,0.9208930003614396,0.4375,0.38333333333333336,0.92,0.5411764705882353,0.44166666666666665,0.2863433691485189,4,oisst_idw_k4_annual_mean_sst_anomaly_idw;oisst_idw_k4_hot_days_p90_idw;cuti_anomaly;beuti_anomaly
A_original_decline_state,decline_event_next,M1_idw_k4_main_interpolation,idw_k4,Random Forest,region_holdout,Northern California,1088,64,60,0.9375,0.9243870667506825,0.45416666666666666,0.0,0.0,0.0,0.5,0.5231523464667364,4,oisst_idw_k4_annual_mean_sst_anomaly_idw;oisst_idw_k4_hot_days_p90_idw;cuti_anomaly;beuti_anomaly
A_original_decline_state,decline_event_next,M2_idw_k8_sensitivity,idw_k8,Logistic Regression L2,region_holdout,Northern California,1088,64,60,0.9375,0.922256636725076,0.44166666666666665,0.38333333333333336,0.92,0.5411764705882353,0.44166666666666665,0.28635533747639474,4,oisst_idw_k8_annual_mean_sst_anomaly_idw;oisst_idw_k8_hot_days_p90_idw;cuti_anomaly;beuti_anomaly
A_original_decline_state,decline_event_next,M2_idw_k8_sensitivity,idw_k8,Random Forest,region_holdout,Northern California,1088,64,60,0.9375,0.9360098952304928,0.55,0.0,0.0,0.0,0.5,0.5179650762017148,4,oisst_idw_k8_annual_mean_sst_anomaly_idw;oisst_idw_k8_hot_days_p90_idw;cuti_anomaly;beuti_anomaly
A_original_decline_state,decline_event_next,M3_buffer_25km,25km,Logistic Regression L2,region_holdout,Northern California,1088,64,60,0.9375,0.9331597810051371,0.48333333333333334,0.2,0.8571428571428571,0.32432432432432434,0.35,0.30008912283318917,5,oisst_25km_annual_mean_sst_anomaly_mean;oisst_25km_hot_days_p90_mean;lag1_oisst_25km_hot_days_p90_mean;cuti_anomaly;beuti_anomaly
A_original_decline_state,decline_event_next,M3_buffer_25km,25km,Random Forest,region_holdout,Northern California,1088,64,60,0.9375,0.9588111536705562,0.5375,0.08333333333333333,1.0,0.15384615384615385,0.5416666666666666,0.42367314394412214,5,oisst_25km_annual_mean_sst_anomaly_mean;oisst_25km_hot_days_p90_mean;lag1_oisst_25km_hot_days_p90_mean;cuti_anomaly;beuti_anomaly
A_original_decline_state,decline_event_next,M3_fixed_30km_buffer,30km,Logistic Regression L2,region_holdout,Northern California,1088,64,60,0.9375,0.9276319909363759,0.4666666666666667,0.2,0.8571428571428571,0.32432432432432434,0.35,0.30149423299237477,5,oisst_30km_annual_mean_sst_anomaly_mean;oisst_30km_hot_days_p90_mean;lag1_oisst_30km_hot_days_p90_mean;cuti_anomaly;beuti_anomaly
A_original_decline_state,decline_event_next,M3_fixed_30km_buffer,30km,Random Forest,region_holdout,Northern California,1088,64,60,0.9375,0.9705985744231875,0.65,0.0,0.0,0.0,0.5,0.42028598264649786,5,oisst_30km_annual_mean_sst_anomaly_mean;oisst_30km_hot_days_p90_mean;lag1_oisst_30km_hot_days_p90_mean;cuti_anomaly;beuti_anomaly
A_original_decline_state,decline_event_next,M3_buffer_50km,50km,Logistic Regression L2,region_holdout,Northern California,1088,64,60,0.9375,0.8930370431585919,0.39166666666666666,0.21666666666666667,0.8666666666666667,0.3466666666666667,0.35833333333333334,0.3014594808187437,5,oisst_50km_annual_mean_sst_anomaly_mean;oisst_50km_hot_days_p90_mean;lag1_oisst_50km_hot_days_p90_mean;cuti_anomaly;beuti_anomaly
A_original_decline_state,decline_event_next,M3_buffer_50km,50km,Random Forest,region_holdout,Northern California,1088,64,60,0.9375,0.8885710226834979,0.3208333333333333,0.0,0.0,0.0,0.5,0.4593822197952977,5,oisst_50km_annual_mean_sst_anomaly_mean;oisst_50km_hot_days_p90_mean;lag1_oisst_50km_hot_days_p90_mean;cuti_anomaly;beuti_anomaly
A_original_decline_state,decline_event_next,M3_buffer_75km,75km,Logistic Regression L2,region_holdout,Northern California,1088,64,60,0.9375,0.8899140381365397,0.37083333333333335,0.31666666666666665,0.9047619047619048,0.4691358024691358,0.4083333333333333,0.297592193273728,5,oisst_75km_annual_mean_sst_anomaly_mean;oisst_75km_hot_days_p90_mean;lag1_oisst_75km_hot_days_p90_mean;cuti_anomaly;beuti_anomaly
A_original_decline_state,decline_event_next,M3_buffer_75km,75km,Random Forest,region_holdout,Northern California,1088,64,60,0.9375,0.8987779388707461,0.29166666666666663,0.0,0.0,0.0,0.375,0.4787169640035671,5,oisst_75km_annual_mean_sst_anomaly_mean;oisst_75km_hot_days_p90_mean;lag1_oisst_75km_hot_days_p90_mean;cuti_anomaly;beuti_anomaly
A_original_decline_state,decline_event_next,M4_multiscale_l1_regularized,multi,Logistic Regression L1,region_holdout,Northern California,1088,64,60,0.9375,0.9531767327141591,0.625,0.4,0.96,0.5647058823529412,0.575,0.32342225190668783,21,oisst_nearest_annual_mean_sst_anomaly_mean;oisst_nearest_hot_days_p90_mean;lag1_oisst_nearest_hot_days_p90_mean;oisst_idw_k4_annual_mean_sst_anomaly_idw;oisst_idw_k4_hot_days_p90_idw;oisst_idw_k8_annual_mean_sst_anomaly_idw;oisst_idw_k8_hot_days_p90_idw;oisst_25km_annual_mean_sst_anomaly_mean;oisst_25km_hot_days_p90_mean;lag1_oisst_25km_hot_days_p90_mean;oisst_30km_annual_mean_sst_anomaly_mean;oisst_30km_hot_days_p90_mean;lag1_oisst_30km_hot_days_p90_mean;oisst_50km_annual_mean_sst_anomaly_mean;oisst_50km_hot_days_p90_mean;lag1_oisst_50km_hot_days_p90_mean;oisst_75km_annual_mean_sst_anomaly_mean;oisst_75km_hot_days_p90_mean;lag1_oisst_75km_hot_days_p90_mean;cuti_anomaly;beuti_anomaly
A_original_decline_state,decline_event_next,M4_multiscale_random_forest,multi,Random Forest,region_holdout,Northern California,1088,64,60,0.9375,0.9373649753412951,0.4083333333333333,0.0,0.0,0.0,0.5,0.4665280641551399,21,oisst_nearest_annual_mean_sst_anomaly_mean;oisst_nearest_hot_days_p90_mean;lag1_oisst_nearest_hot_days_p90_mean;oisst_idw_k4_annual_mean_sst_anomaly_idw;oisst_idw_k4_hot_days_p90_idw;oisst_idw_k8_annual_mean_sst_anomaly_idw;oisst_idw_k8_hot_days_p90_idw;oisst_25km_annual_mean_sst_anomaly_mean;oisst_25km_hot_days_p90_mean;lag1_oisst_25km_hot_days_p90_mean;oisst_30km_annual_mean_sst_anomaly_mean;oisst_30km_hot_days_p90_mean;lag1_oisst_30km_hot_days_p90_mean;oisst_50km_annual_mean_sst_anomaly_mean;oisst_50km_hot_days_p90_mean;lag1_oisst_50km_hot_days_p90_mean;oisst_75km_annual_mean_sst_anomaly_mean;oisst_75km_hot_days_p90_mean;lag1_oisst_75km_hot_days_p90_mean;cuti_anomaly;beuti_anomaly
B_at_risk_original_decline_gt005,decline_event_next_at_risk_gt005,M0_nearest_grid_baseline,nearest,Logistic Regression L2,temporal_holdout,none,955,93,45,0.4838709677419355,0.39746207501466296,0.30439814814814814,0.4,0.32727272727272727,0.36,0.3145833333333333,0.2598159476167631,5,oisst_nearest_annual_mean_sst_anomaly_mean;oisst_nearest_hot_days_p90_mean;lag1_oisst_nearest_hot_days_p90_mean;cuti_anomaly;beuti_anomaly
B_at_risk_original_decline_gt005,decline_event_next_at_risk_gt005,M0_nearest_grid_baseline,nearest,Random Forest,temporal_holdout,none,955,93,45,0.4838709677419355,0.7407394948984867,0.6923611111111111,0.26666666666666666,0.9230769230769231,0.41379310344827586,0.6229166666666667,0.23924456604615787,5,oisst_nearest_annual_mean_sst_anomaly_mean;oisst_nearest_hot_days_p90_mean;lag1_oisst_nearest_hot_days_p90_mean;cuti_anomaly;beuti_anomaly
B_at_risk_original_decline_gt005,decline_event_next_at_risk_gt005,M1_idw_k4_main_interpolation,idw_k4,Logistic Regression L2,temporal_holdout,none,955,93,45,0.4838709677419355,0.4116860854618741,0.32962962962962955,0.4222222222222222,0.3392857142857143,0.37623762376237624,0.32569444444444445,0.25968017342896965,4,oisst_idw_k4_annual_mean_sst_anomaly_idw;oisst_idw_k4_hot_days_p90_idw;cuti_anomaly;beuti_anomaly
B_at_risk_original_decline_gt005,decline_event_next_at_risk_gt005,M1_idw_k4_main_interpolation,idw_k4,Random Forest,temporal_holdout,none,955,93,45,0.4838709677419355,0.5854926675327357,0.5708333333333333,0.15555555555555556,0.5,0.23728813559322035,0.5048611111111111,0.28525994360470724,4,oisst_idw_k4_annual_mean_sst_anomaly_idw;oisst_idw_k4_hot_days_p90_idw;cuti_anomaly;beuti_anomaly
B_at_risk_original_decline_gt005,decline_event_next_at_risk_gt005,M2_idw_k8_sensitivity,idw_k8,Logistic Regression L2,temporal_holdout,none,955,93,45,0.4838709677419355,0.41305233998209323,0.3305555555555556,0.4444444444444444,0.3389830508474576,0.38461538461538464,0.3159722222222222,0.2598162136768481,4,oisst_idw_k8_annual_mean_sst_anomaly_idw;oisst_idw_k8_hot_days_p90_idw;cuti_anomaly;beuti_anomaly
B_at_risk_original_decline_gt005,decline_event_next_at_risk_gt005,M2_idw_k8_sensitivity,idw_k8,Random Forest,temporal_holdout,none,955,93,45,0.4838709677419355,0.5633031892547903,0.6032407407407407,0.17777777777777778,0.6153846153846154,0.27586206896551724,0.5368055555555555,0.27428372576708115,4,oisst_idw_k8_annual_mean_sst_anomaly_idw;oisst_idw_k8_hot_days_p90_idw;cuti_anomaly;beuti_anomaly
B_at_risk_original_decline_gt005,decline_event_next_at_risk_gt005,M3_buffer_25km,25km,Logistic Regression L2,temporal_holdout,none,955,93,45,0.4838709677419355,0.40607906923750703,0.3217592592592593,0.4444444444444444,0.35714285714285715,0.39603960396039606,0.3472222222222222,0.25903201240706847,5,oisst_25km_annual_mean_sst_anomaly_mean;oisst_25km_hot_days_p90_mean;lag1_oisst_25km_hot_days_p90_mean;cuti_anomaly;beuti_anomaly
B_at_risk_original_decline_gt005,decline_event_next_at_risk_gt005,M3_buffer_25km,25km,Random Forest,temporal_holdout,none,955,93,45,0.4838709677419355,0.5801119754247038,0.5462962962962964,0.1111111111111111,0.8333333333333334,0.19607843137254902,0.5451388888888888,0.27280739087702827,5,oisst_25km_annual_mean_sst_anomaly_mean;oisst_25km_hot_days_p90_mean;lag1_oisst_25km_hot_days_p90_mean;cuti_anomaly;beuti_anomaly
B_at_risk_original_decline_gt005,decline_event_next_at_risk_gt005,M3_fixed_30km_buffer,30km,Logistic Regression L2,temporal_holdout,none,955,93,45,0.4838709677419355,0.41053397800241753,0.32546296296296295,0.4666666666666667,0.35,0.4,0.32708333333333334,0.25935597488919754,5,oisst_30km_annual_mean_sst_anomaly_mean;oisst_30km_hot_days_p90_mean;lag1_oisst_30km_hot_days_p90_mean;cuti_anomaly;beuti_anomaly
B_at_risk_original_decline_gt005,decline_event_next_at_risk_gt005,M3_fixed_30km_buffer,30km,Random Forest,temporal_holdout,none,955,93,45,0.4838709677419355,0.516787236011954,0.5217592592592593,0.0,0.0,0.0,0.5,0.2737389771733345,5,oisst_30km_annual_mean_sst_anomaly_mean;oisst_30km_hot_days_p90_mean;lag1_oisst_30km_hot_days_p90_mean;cuti_anomaly;beuti_anomaly
B_at_risk_original_decline_gt005,decline_event_next_at_risk_gt005,M3_buffer_50km,50km,Logistic Regression L2,temporal_holdout,none,955,93,45,0.4838709677419355,0.4097860947828881,0.32407407407407407,0.4444444444444444,0.3448275862068966,0.3883495145631068,0.3263888888888889,0.2593678378698058,5,oisst_50km_annual_mean_sst_anomaly_mean;oisst_50km_hot_days_p90_mean;lag1_oisst_50km_hot_days_p90_mean;cuti_anomaly;beuti_anomaly
B_at_risk_original_decline_gt005,decline_event_next_at_risk_gt005,M3_buffer_50km,50km,Random Forest,temporal_holdout,none,955,93,45,0.4838709677419355,0.6416914341159237,0.5564814814814815,0.0,0.0,0.0,0.5,0.27576075394209737,5,oisst_50km_annual_mean_sst_anomaly_mean;oisst_50km_hot_days_p90_mean;lag1_oisst_50km_hot_days_p90_mean;cuti_anomaly;beuti_anomaly
B_at_risk_original_decline_gt005,decline_event_next_at_risk_gt005,M3_buffer_75km,75km,Logistic Regression L2,temporal_holdout,none,955,93,45,0.4838709677419355,0.41774283607776813,0.337037037037037,0.4888888888888889,0.3492063492063492,0.4074074074074074,0.3173611111111111,0.25901964299447233,5,oisst_75km_annual_mean_sst_anomaly_mean;oisst_75km_hot_days_p90_mean;lag1_oisst_75km_hot_days_p90_mean;cuti_anomaly;beuti_anomaly
B_at_risk_original_decline_gt005,decline_event_next_at_risk_gt005,M3_buffer_75km,75km,Random Forest,temporal_holdout,none,955,93,45,0.4838709677419355,0.5965785434434013,0.5969907407407408,0.0,0.0,0.0,0.5,0.2639265349020535,5,oisst_75km_annual_mean_sst_anomaly_mean;oisst_75km_hot_days_p90_mean;lag1_oisst_75km_hot_days_p90_mean;cuti_anomaly;beuti_anomaly
B_at_risk_original_decline_gt005,decline_event_next_at_risk_gt005,M4_multiscale_l1_regularized,multi,Logistic Regression L1,temporal_holdout,none,955,93,45,0.4838709677419355,0.5298708241507748,0.4668981481481481,0.6,0.45,0.5142857142857142,0.45625,0.25233236080353155,21,oisst_nearest_annual_mean_sst_anomaly_mean;oisst_nearest_hot_days_p90_mean;lag1_oisst_nearest_hot_days_p90_mean;oisst_idw_k4_annual_mean_sst_anomaly_idw;oisst_idw_k4_hot_days_p90_idw;oisst_idw_k8_annual_mean_sst_anomaly_idw;oisst_idw_k8_hot_days_p90_idw;oisst_25km_annual_mean_sst_anomaly_mean;oisst_25km_hot_days_p90_mean;lag1_oisst_25km_hot_days_p90_mean;oisst_30km_annual_mean_sst_anomaly_mean;oisst_30km_hot_days_p90_mean;lag1_oisst_30km_hot_days_p90_mean;oisst_50km_annual_mean_sst_anomaly_mean;oisst_50km_hot_days_p90_mean;lag1_oisst_50km_hot_days_p90_mean;oisst_75km_annual_mean_sst_anomaly_mean;oisst_75km_hot_days_p90_mean;lag1_oisst_75km_hot_days_p90_mean;cuti_anomaly;beuti_anomaly
B_at_risk_original_decline_gt005,decline_event_next_at_risk_gt005,M4_multiscale_random_forest,multi,Random Forest,temporal_holdout,none,955,93,45,0.4838709677419355,0.5551630215629576,0.4375,0.022222222222222223,1.0,0.043478260869565216,0.5111111111111111,0.29158258268098786,21,oisst_nearest_annual_mean_sst_anomaly_mean;oisst_nearest_hot_days_p90_mean;lag1_oisst_nearest_hot_days_p90_mean;oisst_idw_k4_annual_mean_sst_anomaly_idw;oisst_idw_k4_hot_days_p90_idw;oisst_idw_k8_annual_mean_sst_anomaly_idw;oisst_idw_k8_hot_days_p90_idw;oisst_25km_annual_mean_sst_anomaly_mean;oisst_25km_hot_days_p90_mean;lag1_oisst_25km_hot_days_p90_mean;oisst_30km_annual_mean_sst_anomaly_mean;oisst_30km_hot_days_p90_mean;lag1_oisst_30km_hot_days_p90_mean;oisst_50km_annual_mean_sst_anomaly_mean;oisst_50km_hot_days_p90_mean;lag1_oisst_50km_hot_days_p90_mean;oisst_75km_annual_mean_sst_anomaly_mean;oisst_75km_hot_days_p90_mean;lag1_oisst_75km_hot_days_p90_mean;cuti_anomaly;beuti_anomaly
B_at_risk_original_decline_gt005,decline_event_next_at_risk_gt005,M0_nearest_grid_baseline,nearest,Logistic Regression L2,region_holdout,Central California,176,91,45,0.4945054945054945,0.6013046925842748,0.6311594202898552,0.5777777777777777,0.6190476190476191,0.5977011494252874,0.614975845410628,0.24305341249127949,5,oisst_nearest_annual_mean_sst_anomaly_mean;oisst_nearest_hot_days_p90_mean;lag1_oisst_nearest_hot_days_p90_mean;cuti_anomaly;beuti_anomaly
B_at_risk_original_decline_gt005,decline_event_next_at_risk_gt005,M0_nearest_grid_baseline,nearest,Random Forest,region_holdout,Central California,176,91,45,0.4945054945054945,0.6045542434152744,0.5565217391304348,0.1111111111111111,0.8333333333333334,0.19607843137254902,0.5446859903381642,0.2775758205709697,5,oisst_nearest_annual_mean_sst_anomaly_mean;oisst_nearest_hot_days_p90_mean;lag1_oisst_nearest_hot_days_p90_mean;cuti_anomaly;beuti_anomaly
B_at_risk_original_decline_gt005,decline_event_next_at_risk_gt005,M1_idw_k4_main_interpolation,idw_k4,Logistic Regression L2,region_holdout,Central California,176,91,45,0.4945054945054945,0.6256878541609916,0.6463768115942029,0.5333333333333333,0.6857142857142857,0.6,0.6471014492753624,0.24017648454205826,4,oisst_idw_k4_annual_mean_sst_anomaly_idw;oisst_idw_k4_hot_days_p90_idw;cuti_anomaly;beuti_anomaly
B_at_risk_original_decline_gt005,decline_event_next_at_risk_gt005,M1_idw_k4_main_interpolation,idw_k4,Random Forest,region_holdout,Central California,176,91,45,0.4945054945054945,0.6334658917846021,0.6314009661835749,0.06666666666666667,0.5,0.11764705882352941,0.5007246376811595,0.27166389228471494,4,oisst_idw_k4_annual_mean_sst_anomaly_idw;oisst_idw_k4_hot_days_p90_idw;cuti_anomaly;beuti_anomaly
B_at_risk_original_decline_gt005,decline_event_next_at_risk_gt005,M2_idw_k8_sensitivity,idw_k8,Logistic Regression L2,region_holdout,Central California,176,91,45,0.4945054945054945,0.6276066962730122,0.6478260869565218,0.5555555555555556,0.7352941176470589,0.6329113924050633,0.6799516908212561,0.239808158334489,4,oisst_idw_k8_annual_mean_sst_anomaly_idw;oisst_idw_k8_hot_days_p90_idw;cuti_anomaly;beuti_anomaly
B_at_risk_original_decline_gt005,decline_event_next_at_risk_gt005,M2_idw_k8_sensitivity,idw_k8,Random Forest,region_holdout,Central California,176,91,45,0.4945054945054945,0.5849376796915717,0.5973429951690821,0.044444444444444446,0.6666666666666666,0.08333333333333333,0.5113526570048309,0.27380763528352403,4,oisst_idw_k8_annual_mean_sst_anomaly_idw;oisst_idw_k8_hot_days_p90_idw;cuti_anomaly;beuti_anomaly
B_at_risk_original_decline_gt005,decline_event_next_at_risk_gt005,M3_buffer_25km,25km,Logistic Regression L2,region_holdout,Central California,176,91,45,0.4945054945054945,0.5990343681441145,0.6405797101449275,0.6,0.6428571428571429,0.6206896551724138,0.6369565217391304,0.24281127131387326,5,oisst_25km_annual_mean_sst_anomaly_mean;oisst_25km_hot_days_p90_mean;lag1_oisst_25km_hot_days_p90_mean;cuti_anomaly;beuti_anomaly
B_at_risk_original_decline_gt005,decline_event_next_at_risk_gt005,M3_buffer_25km,25km,Random Forest,region_holdout,Central California,176,91,45,0.4945054945054945,0.4983339405985674,0.4845410628019324,0.022222222222222223,0.25,0.04081632653061224,0.47850241545893724,0.28971030919937973,5,oisst_25km_annual_mean_sst_anomaly_mean;oisst_25km_hot_days_p90_mean;lag1_oisst_25km_hot_days_p90_mean;cuti_anomaly;beuti_anomaly
B_at_risk_original_decline_gt005,decline_event_next_at_risk_gt005,M3_fixed_30km_buffer,30km,Logistic Regression L2,region_holdout,Central California,176,91,45,0.4945054945054945,0.602718062984483,0.6381642512077295,0.6666666666666666,0.6521739130434783,0.6593406593406593,0.6594202898550725,0.24273114080492106,5,oisst_30km_annual_mean_sst_anomaly_mean;oisst_30km_hot_days_p90_mean;lag1_oisst_30km_hot_days_p90_mean;cuti_anomaly;beuti_anomaly
B_at_risk_original_decline_gt005,decline_event_next_at_risk_gt005,M3_fixed_30km_buffer,30km,Random Forest,region_holdout,Central California,176,91,45,0.4945054945054945,0.4763419951561533,0.47826086956521735,0.022222222222222223,0.25,0.04081632653061224,0.47850241545893724,0.28601736084992607,5,oisst_30km_annual_mean_sst_anomaly_mean;oisst_30km_hot_days_p90_mean;lag1_oisst_30km_hot_days_p90_mean;cuti_anomaly;beuti_anomaly
B_at_risk_original_decline_gt005,decline_event_next_at_risk_gt005,M3_buffer_50km,50km,Logistic Regression L2,region_holdout,Central California,176,91,45,0.4945054945054945,0.5908531326389425,0.6391304347826088,0.7111111111111111,0.5925925925925926,0.6464646464646465,0.6164251207729469,0.24181245144650212,5,oisst_50km_annual_mean_sst_anomaly_mean;oisst_50km_hot_days_p90_mean;lag1_oisst_50km_hot_days_p90_mean;cuti_anomaly;beuti_anomaly
B_at_risk_original_decline_gt005,decline_event_next_at_risk_gt005,M3_buffer_50km,50km,Random Forest,region_holdout,Central California,176,91,45,0.4945054945054945,0.45117751742087964,0.43671497584541064,0.0,0.0,0.0,0.5,0.29571561851004274,5,oisst_50km_annual_mean_sst_anomaly_mean;oisst_50km_hot_days_p90_mean;lag1_oisst_50km_hot_days_p90_mean;cuti_anomaly;beuti_anomaly
B_at_risk_original_decline_gt005,decline_event_next_at_risk_gt005,M3_buffer_75km,75km,Logistic Regression L2,region_holdout,Central California,176,91,45,0.4945054945054945,0.6091662513792859,0.6555555555555554,0.6888888888888889,0.6078431372549019,0.6458333333333334,0.6270531400966184,0.24039982848728778,5,oisst_75km_annual_mean_sst_anomaly_mean;oisst_75km_hot_days_p90_mean;lag1_oisst_75km_hot_days_p90_mean;cuti_anomaly;beuti_anomaly
B_at_risk_original_decline_gt005,decline_event_next_at_risk_gt005,M3_buffer_75km,75km,Random Forest,region_holdout,Central California,176,91,45,0.4945054945054945,0.505129489046521,0.48888888888888893,0.2222222222222222,0.625,0.32786885245901637,0.5458937198067633,0.2681640661885656,5,oisst_75km_annual_mean_sst_anomaly_mean;oisst_75km_hot_days_p90_mean;lag1_oisst_75km_hot_days_p90_mean;cuti_anomaly;beuti_anomaly
B_at_risk_original_decline_gt005,decline_event_next_at_risk_gt005,M4_multiscale_l1_regularized,multi,Logistic Regression L1,region_holdout,Central California,176,91,45,0.4945054945054945,0.5868709951354703,0.618840579710145,0.5555555555555556,0.6410256410256411,0.5952380952380952,0.6256038647342995,0.2449056929861724,21,oisst_nearest_annual_mean_sst_anomaly_mean;oisst_nearest_hot_days_p90_mean;lag1_oisst_nearest_hot_days_p90_mean;oisst_idw_k4_annual_mean_sst_anomaly_idw;oisst_idw_k4_hot_days_p90_idw;oisst_idw_k8_annual_mean_sst_anomaly_idw;oisst_idw_k8_hot_days_p90_idw;oisst_25km_annual_mean_sst_anomaly_mean;oisst_25km_hot_days_p90_mean;lag1_oisst_25km_hot_days_p90_mean;oisst_30km_annual_mean_sst_anomaly_mean;oisst_30km_hot_days_p90_mean;lag1_oisst_30km_hot_days_p90_mean;oisst_50km_annual_mean_sst_anomaly_mean;oisst_50km_hot_days_p90_mean;lag1_oisst_50km_hot_days_p90_mean;oisst_75km_annual_mean_sst_anomaly_mean;oisst_75km_hot_days_p90_mean;lag1_oisst_75km_hot_days_p90_mean;cuti_anomaly;beuti_anomaly
B_at_risk_original_decline_gt005,decline_event_next_at_risk_gt005,M4_multiscale_random_forest,multi,Random Forest,region_holdout,Central California,176,91,45,0.4945054945054945,0.589162020279722,0.5222222222222223,0.13333333333333333,1.0,0.23529411764705882,0.5666666666666667,0.2795688883539088,21,oisst_nearest_annual_mean_sst_anomaly_mean;oisst_nearest_hot_days_p90_mean;lag1_oisst_nearest_hot_days_p90_mean;oisst_idw_k4_annual_mean_sst_anomaly_idw;oisst_idw_k4_hot_days_p90_idw;oisst_idw_k8_annual_mean_sst_anomaly_idw;oisst_idw_k8_hot_days_p90_idw;oisst_25km_annual_mean_sst_anomaly_mean;oisst_25km_hot_days_p90_mean;lag1_oisst_25km_hot_days_p90_mean;oisst_30km_annual_mean_sst_anomaly_mean;oisst_30km_hot_days_p90_mean;lag1_oisst_30km_hot_days_p90_mean;oisst_50km_annual_mean_sst_anomaly_mean;oisst_50km_hot_days_p90_mean;lag1_oisst_50km_hot_days_p90_mean;oisst_75km_annual_mean_sst_anomaly_mean;oisst_75km_hot_days_p90_mean;lag1_oisst_75km_hot_days_p90_mean;cuti_anomaly;beuti_anomaly
C_new_decline_transition,new_decline_event_next,M0_nearest_grid_baseline,nearest,Logistic Regression L2,temporal_holdout,none,1400,200,26,0.13,0.17804363007789872,0.5522767462422635,1.0,0.13,0.23008849557522124,0.5,0.2840619183685213,5,oisst_nearest_annual_mean_sst_anomaly_mean;oisst_nearest_hot_days_p90_mean;lag1_oisst_nearest_hot_days_p90_mean;cuti_anomaly;beuti_anomaly
C_new_decline_transition,new_decline_event_next,M0_nearest_grid_baseline,nearest,Random Forest,temporal_holdout,none,1400,200,26,0.13,0.23296789530248718,0.7167329796640142,0.3076923076923077,0.2857142857142857,0.2962962962962963,0.5963748894783378,0.16595723539878982,5,oisst_nearest_annual_mean_sst_anomaly_mean;oisst_nearest_hot_days_p90_mean;lag1_oisst_nearest_hot_days_p90_mean;cuti_anomaly;beuti_anomaly
C_new_decline_transition,new_decline_event_next,M1_idw_k4_main_interpolation,idw_k4,Logistic Regression L2,temporal_holdout,none,1400,200,26,0.13,0.20563310078948493,0.6452254641909815,1.0,0.13,0.23008849557522124,0.5,0.2813671911989728,4,oisst_idw_k4_annual_mean_sst_anomaly_idw;oisst_idw_k4_hot_days_p90_idw;cuti_anomaly;beuti_anomaly
C_new_decline_transition,new_decline_event_next,M1_idw_k4_main_interpolation,idw_k4,Random Forest,temporal_holdout,none,1400,200,26,0.13,0.17278613370284188,0.6114058355437666,0.07692307692307693,0.08695652173913043,0.08163265306122448,0.4781167108753316,0.16175757538253044,4,oisst_idw_k4_annual_mean_sst_anomaly_idw;oisst_idw_k4_hot_days_p90_idw;cuti_anomaly;beuti_anomaly
C_new_decline_transition,new_decline_event_next,M2_idw_k8_sensitivity,idw_k8,Logistic Regression L2,temporal_holdout,none,1400,200,26,0.13,0.20600283884180504,0.6454465075154732,1.0,0.13,0.23008849557522124,0.5,0.2811989235832234,4,oisst_idw_k8_annual_mean_sst_anomaly_idw;oisst_idw_k8_hot_days_p90_idw;cuti_anomaly;beuti_anomaly
C_new_decline_transition,new_decline_event_next,M2_idw_k8_sensitivity,idw_k8,Random Forest,temporal_holdout,none,1400,200,26,0.13,0.1766817813474239,0.6112953138815207,0.11538461538461539,0.125,0.12,0.4973474801061008,0.15956217518774093,4,oisst_idw_k8_annual_mean_sst_anomaly_idw;oisst_idw_k8_hot_days_p90_idw;cuti_anomaly;beuti_anomaly
C_new_decline_transition,new_decline_event_next,M3_buffer_25km,25km,Logistic Regression L2,temporal_holdout,none,1400,200,26,0.13,0.18967601439350487,0.5674182139699382,1.0,0.13,0.23008849557522124,0.5,0.2825623318715563,5,oisst_25km_annual_mean_sst_anomaly_mean;oisst_25km_hot_days_p90_mean;lag1_oisst_25km_hot_days_p90_mean;cuti_anomaly;beuti_anomaly
C_new_decline_transition,new_decline_event_next,M3_buffer_25km,25km,Random Forest,temporal_holdout,none,1400,200,26,0.13,0.23150076707200423,0.600132625994695,0.15384615384615385,0.26666666666666666,0.1951219512195122,0.5453138815207781,0.16381421481472064,5,oisst_25km_annual_mean_sst_anomaly_mean;oisst_25km_hot_days_p90_mean;lag1_oisst_25km_hot_days_p90_mean;cuti_anomaly;beuti_anomaly
C_new_decline_transition,new_decline_event_next,M3_fixed_30km_buffer,30km,Logistic Regression L2,temporal_holdout,none,1400,200,26,0.13,0.1970556240492054,0.5710654288240495,1.0,0.13,0.23008849557522124,0.5,0.28178745214604745,5,oisst_30km_annual_mean_sst_anomaly_mean;oisst_30km_hot_days_p90_mean;lag1_oisst_30km_hot_days_p90_mean;cuti_anomaly;beuti_anomaly
C_new_decline_transition,new_decline_event_next,M3_fixed_30km_buffer,30km,Random Forest,temporal_holdout,none,1400,200,26,0.13,0.21688652616987575,0.6356100795755969,0.15384615384615385,0.3076923076923077,0.20512820512820512,0.5510610079575597,0.16299996733002017,5,oisst_30km_annual_mean_sst_anomaly_mean;oisst_30km_hot_days_p90_mean;lag1_oisst_30km_hot_days_p90_mean;cuti_anomaly;beuti_anomaly
C_new_decline_transition,new_decline_event_next,M3_buffer_50km,50km,Logistic Regression L2,temporal_holdout,none,1400,200,26,0.13,0.1866868555833221,0.5979221927497789,1.0,0.13,0.23008849557522124,0.5,0.2814683445769656,5,oisst_50km_annual_mean_sst_anomaly_mean;oisst_50km_hot_days_p90_mean;lag1_oisst_50km_hot_days_p90_mean;cuti_anomaly;beuti_anomaly
C_new_decline_transition,new_decline_event_next,M3_buffer_50km,50km,Random Forest,temporal_holdout,none,1400,200,26,0.13,0.2705746359314142,0.5999115826702034,0.23076923076923078,0.4,0.2926829268292683,0.5895225464190982,0.16031943113157998,5,oisst_50km_annual_mean_sst_anomaly_mean;oisst_50km_hot_days_p90_mean;lag1_oisst_50km_hot_days_p90_mean;cuti_anomaly;beuti_anomaly
C_new_decline_transition,new_decline_event_next,M3_buffer_75km,75km,Logistic Regression L2,temporal_holdout,none,1400,200,26,0.13,0.1933352383471023,0.6064323607427056,1.0,0.13,0.23008849557522124,0.5,0.28184509010378994,5,oisst_75km_annual_mean_sst_anomaly_mean;oisst_75km_hot_days_p90_mean;lag1_oisst_75km_hot_days_p90_mean;cuti_anomaly;beuti_anomaly
C_new_decline_transition,new_decline_event_next,M3_buffer_75km,75km,Random Forest,temporal_holdout,none,1400,200,26,0.13,0.28193580761049475,0.7178381962864722,0.19230769230769232,0.3125,0.23809523809523808,0.5645446507515474,0.1544918818877291,5,oisst_75km_annual_mean_sst_anomaly_mean;oisst_75km_hot_days_p90_mean;lag1_oisst_75km_hot_days_p90_mean;cuti_anomaly;beuti_anomaly
C_new_decline_transition,new_decline_event_next,M4_multiscale_l1_regularized,multi,Logistic Regression L1,temporal_holdout,none,1400,200,26,0.13,0.20278918382794425,0.5332670203359858,0.8461538461538461,0.13333333333333333,0.23036649214659685,0.512157382847038,0.2789281338528164,21,oisst_nearest_annual_mean_sst_anomaly_mean;oisst_nearest_hot_days_p90_mean;lag1_oisst_nearest_hot_days_p90_mean;oisst_idw_k4_annual_mean_sst_anomaly_idw;oisst_idw_k4_hot_days_p90_idw;oisst_idw_k8_annual_mean_sst_anomaly_idw;oisst_idw_k8_hot_days_p90_idw;oisst_25km_annual_mean_sst_anomaly_mean;oisst_25km_hot_days_p90_mean;lag1_oisst_25km_hot_days_p90_mean;oisst_30km_annual_mean_sst_anomaly_mean;oisst_30km_hot_days_p90_mean;lag1_oisst_30km_hot_days_p90_mean;oisst_50km_annual_mean_sst_anomaly_mean;oisst_50km_hot_days_p90_mean;lag1_oisst_50km_hot_days_p90_mean;oisst_75km_annual_mean_sst_anomaly_mean;oisst_75km_hot_days_p90_mean;lag1_oisst_75km_hot_days_p90_mean;cuti_anomaly;beuti_anomaly
C_new_decline_transition,new_decline_event_next,M4_multiscale_random_forest,multi,Random Forest,temporal_holdout,none,1400,200,26,0.13,0.13147924306800965,0.4669540229885057,0.11538461538461539,0.16666666666666666,0.13636363636363635,0.5145888594164456,0.18351072336271457,21,oisst_nearest_annual_mean_sst_anomaly_mean;oisst_nearest_hot_days_p90_mean;lag1_oisst_nearest_hot_days_p90_mean;oisst_idw_k4_annual_mean_sst_anomaly_idw;oisst_idw_k4_hot_days_p90_idw;oisst_idw_k8_annual_mean_sst_anomaly_idw;oisst_idw_k8_hot_days_p90_idw;oisst_25km_annual_mean_sst_anomaly_mean;oisst_25km_hot_days_p90_mean;lag1_oisst_25km_hot_days_p90_mean;oisst_30km_annual_mean_sst_anomaly_mean;oisst_30km_hot_days_p90_mean;lag1_oisst_30km_hot_days_p90_mean;oisst_50km_annual_mean_sst_anomaly_mean;oisst_50km_hot_days_p90_mean;lag1_oisst_50km_hot_days_p90_mean;oisst_75km_annual_mean_sst_anomaly_mean;oisst_75km_hot_days_p90_mean;lag1_oisst_75km_hot_days_p90_mean;cuti_anomaly;beuti_anomaly
C_new_decline_transition,new_decline_event_next,M0_nearest_grid_baseline,nearest,Logistic Regression L2,region_holdout,Central California,512,136,20,0.14705882352941177,0.20925896295713778,0.6530172413793103,0.85,0.265625,0.40476190476190477,0.7224137931034482,0.23844776355794478,5,oisst_nearest_annual_mean_sst_anomaly_mean;oisst_nearest_hot_days_p90_mean;lag1_oisst_nearest_hot_days_p90_mean;cuti_anomaly;beuti_anomaly
C_new_decline_transition,new_decline_event_next,M0_nearest_grid_baseline,nearest,Random Forest,region_holdout,Central California,512,136,20,0.14705882352941177,0.3054075167302024,0.6456896551724138,0.1,0.5,0.16666666666666666,0.5413793103448276,0.13246362554440672,5,oisst_nearest_annual_mean_sst_anomaly_mean;oisst_nearest_hot_days_p90_mean;lag1_oisst_nearest_hot_days_p90_mean;cuti_anomaly;beuti_anomaly
C_new_decline_transition,new_decline_event_next,M1_idw_k4_main_interpolation,idw_k4,Logistic Regression L2,region_holdout,Central California,512,136,20,0.14705882352941177,0.34371124984989093,0.7836206896551723,0.75,0.30612244897959184,0.43478260869565216,0.728448275862069,0.2282476010782646,4,oisst_idw_k4_annual_mean_sst_anomaly_idw;oisst_idw_k4_hot_days_p90_idw;cuti_anomaly;beuti_anomaly
C_new_decline_transition,new_decline_event_next,M1_idw_k4_main_interpolation,idw_k4,Random Forest,region_holdout,Central California,512,136,20,0.14705882352941177,0.3128980946280558,0.7043103448275861,0.15,0.3333333333333333,0.20689655172413793,0.5491379310344827,0.14736677088835387,4,oisst_idw_k4_annual_mean_sst_anomaly_idw;oisst_idw_k4_hot_days_p90_idw;cuti_anomaly;beuti_anomaly
C_new_decline_transition,new_decline_event_next,M2_idw_k8_sensitivity,idw_k8,Logistic Regression L2,region_holdout,Central California,512,136,20,0.14705882352941177,0.3463138006972548,0.7844827586206896,0.75,0.3,0.42857142857142855,0.7241379310344828,0.2276873284494439,4,oisst_idw_k8_annual_mean_sst_anomaly_idw;oisst_idw_k8_hot_days_p90_idw;cuti_anomaly;beuti_anomaly
C_new_decline_transition,new_decline_event_next,M2_idw_k8_sensitivity,idw_k8,Random Forest,region_holdout,Central California,512,136,20,0.14705882352941177,0.31066552197701247,0.6887931034482759,0.1,0.2857142857142857,0.14814814814814814,0.528448275862069,0.1492842691384799,4,oisst_idw_k8_annual_mean_sst_anomaly_idw;oisst_idw_k8_hot_days_p90_idw;cuti_anomaly;beuti_anomaly
C_new_decline_transition,new_decline_event_next,M3_buffer_25km,25km,Logistic Regression L2,region_holdout,Central California,512,136,20,0.14705882352941177,0.20071673857688765,0.6469827586206897,0.75,0.23809523809523808,0.3614457831325301,0.6681034482758621,0.23703011652341321,5,oisst_25km_annual_mean_sst_anomaly_mean;oisst_25km_hot_days_p90_mean;lag1_oisst_25km_hot_days_p90_mean;cuti_anomaly;beuti_anomaly
C_new_decline_transition,new_decline_event_next,M3_buffer_25km,25km,Random Forest,region_holdout,Central California,512,136,20,0.14705882352941177,0.18342167411921975,0.5719827586206897,0.0,0.0,0.0,0.4870689655172414,0.1439757410447214,5,oisst_25km_annual_mean_sst_anomaly_mean;oisst_25km_hot_days_p90_mean;lag1_oisst_25km_hot_days_p90_mean;cuti_anomaly;beuti_anomaly
C_new_decline_transition,new_decline_event_next,M3_fixed_30km_buffer,30km,Logistic Regression L2,region_holdout,Central California,512,136,20,0.14705882352941177,0.20799523074523799,0.6594827586206896,0.75,0.24193548387096775,0.36585365853658536,0.6724137931034483,0.23604074880101417,5,oisst_30km_annual_mean_sst_anomaly_mean;oisst_30km_hot_days_p90_mean;lag1_oisst_30km_hot_days_p90_mean;cuti_anomaly;beuti_anomaly
C_new_decline_transition,new_decline_event_next,M3_fixed_30km_buffer,30km,Random Forest,region_holdout,Central California,512,136,20,0.14705882352941177,0.17999417279617,0.5073275862068967,0.05,0.3333333333333333,0.08695652173913043,0.5163793103448275,0.1483433296619231,5,oisst_30km_annual_mean_sst_anomaly_mean;oisst_30km_hot_days_p90_mean;lag1_oisst_30km_hot_days_p90_mean;cuti_anomaly;beuti_anomaly
C_new_decline_transition,new_decline_event_next,M3_buffer_50km,50km,Logistic Regression L2,region_holdout,Central California,512,136,20,0.14705882352941177,0.23436748909759123,0.6939655172413793,0.75,0.22388059701492538,0.3448275862068966,0.6508620689655172,0.23606063835917515,5,oisst_50km_annual_mean_sst_anomaly_mean;oisst_50km_hot_days_p90_mean;lag1_oisst_50km_hot_days_p90_mean;cuti_anomaly;beuti_anomaly
C_new_decline_transition,new_decline_event_next,M3_buffer_50km,50km,Random Forest,region_holdout,Central California,512,136,20,0.14705882352941177,0.17639921126487723,0.530603448275862,0.05,0.2,0.08,0.5077586206896552,0.15262877022724053,5,oisst_50km_annual_mean_sst_anomaly_mean;oisst_50km_hot_days_p90_mean;lag1_oisst_50km_hot_days_p90_mean;cuti_anomaly;beuti_anomaly
C_new_decline_transition,new_decline_event_next,M3_buffer_75km,75km,Logistic Regression L2,region_holdout,Central California,512,136,20,0.14705882352941177,0.26165510654787827,0.7424568965517242,0.9,0.2727272727272727,0.4186046511627907,0.743103448275862,0.23010593238287602,5,oisst_75km_annual_mean_sst_anomaly_mean;oisst_75km_hot_days_p90_mean;lag1_oisst_75km_hot_days_p90_mean;cuti_anomaly;beuti_anomaly
C_new_decline_transition,new_decline_event_next,M3_buffer_75km,75km,Random Forest,region_holdout,Central California,512,136,20,0.14705882352941177,0.19950974189534165,0.5851293103448276,0.15,0.3,0.2,0.5448275862068965,0.15891873753910546,5,oisst_75km_annual_mean_sst_anomaly_mean;oisst_75km_hot_days_p90_mean;lag1_oisst_75km_hot_days_p90_mean;cuti_anomaly;beuti_anomaly
C_new_decline_transition,new_decline_event_next,M4_multiscale_l1_regularized,multi,Logistic Regression L1,region_holdout,Central California,512,136,20,0.14705882352941177,0.1868939008707074,0.6174568965517241,0.75,0.22727272727272727,0.3488372093023256,0.6551724137931034,0.24384675349121085,21,oisst_nearest_annual_mean_sst_anomaly_mean;oisst_nearest_hot_days_p90_mean;lag1_oisst_nearest_hot_days_p90_mean;oisst_idw_k4_annual_mean_sst_anomaly_idw;oisst_idw_k4_hot_days_p90_idw;oisst_idw_k8_annual_mean_sst_anomaly_idw;oisst_idw_k8_hot_days_p90_idw;oisst_25km_annual_mean_sst_anomaly_mean;oisst_25km_hot_days_p90_mean;lag1_oisst_25km_hot_days_p90_mean;oisst_30km_annual_mean_sst_anomaly_mean;oisst_30km_hot_days_p90_mean;lag1_oisst_30km_hot_days_p90_mean;oisst_50km_annual_mean_sst_anomaly_mean;oisst_50km_hot_days_p90_mean;lag1_oisst_50km_hot_days_p90_mean;oisst_75km_annual_mean_sst_anomaly_mean;oisst_75km_hot_days_p90_mean;lag1_oisst_75km_hot_days_p90_mean;cuti_anomaly;beuti_anomaly
C_new_decline_transition,new_decline_event_next,M4_multiscale_random_forest,multi,Random Forest,region_holdout,Central California,512,136,20,0.14705882352941177,0.19479296283943964,0.4773706896551724,0.1,0.14285714285714285,0.11764705882352941,0.4982758620689655,0.16798616215380968,21,oisst_nearest_annual_mean_sst_anomaly_mean;oisst_nearest_hot_days_p90_mean;lag1_oisst_nearest_hot_days_p90_mean;oisst_idw_k4_annual_mean_sst_anomaly_idw;oisst_idw_k4_hot_days_p90_idw;oisst_idw_k8_annual_mean_sst_anomaly_idw;oisst_idw_k8_hot_days_p90_idw;oisst_25km_annual_mean_sst_anomaly_mean;oisst_25km_hot_days_p90_mean;lag1_oisst_25km_hot_days_p90_mean;oisst_30km_annual_mean_sst_anomaly_mean;oisst_30km_hot_days_p90_mean;lag1_oisst_30km_hot_days_p90_mean;oisst_50km_annual_mean_sst_anomaly_mean;oisst_50km_hot_days_p90_mean;lag1_oisst_50km_hot_days_p90_mean;oisst_75km_annual_mean_sst_anomaly_mean;oisst_75km_hot_days_p90_mean;lag1_oisst_75km_hot_days_p90_mean;cuti_anomaly;beuti_anomaly
C_new_decline_transition,new_decline_event_next,M0_nearest_grid_baseline,nearest,Logistic Regression L2,region_holdout,Northern California,1088,64,6,0.09375,0.10981842231842232,0.3261494252873563,0.0,0.0,0.0,0.4827586206896552,0.19523268017427425,5,oisst_nearest_annual_mean_sst_anomaly_mean;oisst_nearest_hot_days_p90_mean;lag1_oisst_nearest_hot_days_p90_mean;cuti_anomaly;beuti_anomaly
C_new_decline_transition,new_decline_event_next,M0_nearest_grid_baseline,nearest,Random Forest,region_holdout,Northern California,1088,64,6,0.09375,0.16459235209235212,0.6795977011494252,0.0,0.0,0.0,0.49137931034482757,0.13715012772744672,5,oisst_nearest_annual_mean_sst_anomaly_mean;oisst_nearest_hot_days_p90_mean;lag1_oisst_nearest_hot_days_p90_mean;cuti_anomaly;beuti_anomaly
C_new_decline_transition,new_decline_event_next,M1_idw_k4_main_interpolation,idw_k4,Logistic Regression L2,region_holdout,Northern California,1088,64,6,0.09375,0.1206849984810511,0.353448275862069,0.0,0.0,0.0,0.49137931034482757,0.19381698013868254,4,oisst_idw_k4_annual_mean_sst_anomaly_idw;oisst_idw_k4_hot_days_p90_idw;cuti_anomaly;beuti_anomaly
C_new_decline_transition,new_decline_event_next,M1_idw_k4_main_interpolation,idw_k4,Random Forest,region_holdout,Northern California,1088,64,6,0.09375,0.12101723308619859,0.4683908045977011,0.0,0.0,0.0,0.5,0.10071060615905125,4,oisst_idw_k4_annual_mean_sst_anomaly_idw;oisst_idw_k4_hot_days_p90_idw;cuti_anomaly;beuti_anomaly
C_new_decline_transition,new_decline_event_next,M2_idw_k8_sensitivity,idw_k8,Logistic Regression L2,region_holdout,Northern California,1088,64,6,0.09375,0.11671269343683136,0.3505747126436782,0.0,0.0,0.0,0.49137931034482757,0.1938424586875495,4,oisst_idw_k8_annual_mean_sst_anomaly_idw;oisst_idw_k8_hot_days_p90_idw;cuti_anomaly;beuti_anomaly
C_new_decline_transition,new_decline_event_next,M2_idw_k8_sensitivity,idw_k8,Random Forest,region_holdout,Northern California,1088,64,6,0.09375,0.13490961199294532,0.5416666666666666,0.0,0.0,0.0,0.5,0.10382120969225339,4,oisst_idw_k8_annual_mean_sst_anomaly_idw;oisst_idw_k8_hot_days_p90_idw;cuti_anomaly;beuti_anomaly
C_new_decline_transition,new_decline_event_next,M3_buffer_25km,25km,Logistic Regression L2,region_holdout,Northern California,1088,64,6,0.09375,0.11193322022326943,0.3448275862068966,0.0,0.0,0.0,0.49137931034482757,0.19367492365380728,5,oisst_25km_annual_mean_sst_anomaly_mean;oisst_25km_hot_days_p90_mean;lag1_oisst_25km_hot_days_p90_mean;cuti_anomaly;beuti_anomaly
C_new_decline_transition,new_decline_event_next,M3_buffer_25km,25km,Random Forest,region_holdout,Northern California,1088,64,6,0.09375,0.17221491228070174,0.5919540229885057,0.0,0.0,0.0,0.5,0.1336433939500029,5,oisst_25km_annual_mean_sst_anomaly_mean;oisst_25km_hot_days_p90_mean;lag1_oisst_25km_hot_days_p90_mean;cuti_anomaly;beuti_anomaly
C_new_decline_transition,new_decline_event_next,M3_fixed_30km_buffer,30km,Logistic Regression L2,region_holdout,Northern California,1088,64,6,0.09375,0.12812442984856778,0.3462643678160919,0.0,0.0,0.0,0.49137931034482757,0.1937558540086961,5,oisst_30km_annual_mean_sst_anomaly_mean;oisst_30km_hot_days_p90_mean;lag1_oisst_30km_hot_days_p90_mean;cuti_anomaly;beuti_anomaly
C_new_decline_transition,new_decline_event_next,M3_fixed_30km_buffer,30km,Random Forest,region_holdout,Northern California,1088,64,6,0.09375,0.11173489278752435,0.507183908045977,0.0,0.0,0.0,0.5,0.138741131308808,5,oisst_30km_annual_mean_sst_anomaly_mean;oisst_30km_hot_days_p90_mean;lag1_oisst_30km_hot_days_p90_mean;cuti_anomaly;beuti_anomaly
C_new_decline_transition,new_decline_event_next,M3_buffer_50km,50km,Logistic Regression L2,region_holdout,Northern California,1088,64,6,0.09375,0.12703857073560462,0.34195402298850575,0.0,0.0,0.0,0.4827586206896552,0.1937917092166342,5,oisst_50km_annual_mean_sst_anomaly_mean;oisst_50km_hot_days_p90_mean;lag1_oisst_50km_hot_days_p90_mean;cuti_anomaly;beuti_anomaly
C_new_decline_transition,new_decline_event_next,M3_buffer_50km,50km,Random Forest,region_holdout,Northern California,1088,64,6,0.09375,0.34528985507246374,0.8448275862068966,0.0,0.0,0.0,0.5,0.12308366165227905,5,oisst_50km_annual_mean_sst_anomaly_mean;oisst_50km_hot_days_p90_mean;lag1_oisst_50km_hot_days_p90_mean;cuti_anomaly;beuti_anomaly
C_new_decline_transition,new_decline_event_next,M3_buffer_75km,75km,Logistic Regression L2,region_holdout,Northern California,1088,64,6,0.09375,0.11209035426813833,0.35344827586206895,0.0,0.0,0.0,0.49137931034482757,0.1957793186182245,5,oisst_75km_annual_mean_sst_anomaly_mean;oisst_75km_hot_days_p90_mean;lag1_oisst_75km_hot_days_p90_mean;cuti_anomaly;beuti_anomaly
C_new_decline_transition,new_decline_event_next,M3_buffer_75km,75km,Random Forest,region_holdout,Northern California,1088,64,6,0.09375,0.2528985507246377,0.7729885057471265,0.0,0.0,0.0,0.5,0.13449866803863514,5,oisst_75km_annual_mean_sst_anomaly_mean;oisst_75km_hot_days_p90_mean;lag1_oisst_75km_hot_days_p90_mean;cuti_anomaly;beuti_anomaly
C_new_decline_transition,new_decline_event_next,M4_multiscale_l1_regularized,multi,Logistic Regression L1,region_holdout,Northern California,1088,64,6,0.09375,0.0910170234524753,0.3477011494252874,0.0,0.0,0.0,0.43103448275862066,0.19582426641279838,21,oisst_nearest_annual_mean_sst_anomaly_mean;oisst_nearest_hot_days_p90_mean;lag1_oisst_nearest_hot_days_p90_mean;oisst_idw_k4_annual_mean_sst_anomaly_idw;oisst_idw_k4_hot_days_p90_idw;oisst_idw_k8_annual_mean_sst_anomaly_idw;oisst_idw_k8_hot_days_p90_idw;oisst_25km_annual_mean_sst_anomaly_mean;oisst_25km_hot_days_p90_mean;lag1_oisst_25km_hot_days_p90_mean;oisst_30km_annual_mean_sst_anomaly_mean;oisst_30km_hot_days_p90_mean;lag1_oisst_30km_hot_days_p90_mean;oisst_50km_annual_mean_sst_anomaly_mean;oisst_50km_hot_days_p90_mean;lag1_oisst_50km_hot_days_p90_mean;oisst_75km_annual_mean_sst_anomaly_mean;oisst_75km_hot_days_p90_mean;lag1_oisst_75km_hot_days_p90_mean;cuti_anomaly;beuti_anomaly
C_new_decline_transition,new_decline_event_next,M4_multiscale_random_forest,multi,Random Forest,region_holdout,Northern California,1088,64,6,0.09375,0.13622402193036232,0.646551724137931,0.0,0.0,0.0,0.49137931034482757,0.14033557436822533,21,oisst_nearest_annual_mean_sst_anomaly_mean;oisst_nearest_hot_days_p90_mean;lag1_oisst_nearest_hot_days_p90_mean;oisst_idw_k4_annual_mean_sst_anomaly_idw;oisst_idw_k4_hot_days_p90_idw;oisst_idw_k8_annual_mean_sst_anomaly_idw;oisst_idw_k8_hot_days_p90_idw;oisst_25km_annual_mean_sst_anomaly_mean;oisst_25km_hot_days_p90_mean;lag1_oisst_25km_hot_days_p90_mean;oisst_30km_annual_mean_sst_anomaly_mean;oisst_30km_hot_days_p90_mean;lag1_oisst_30km_hot_days_p90_mean;oisst_50km_annual_mean_sst_anomaly_mean;oisst_50km_hot_days_p90_mean;lag1_oisst_50km_hot_days_p90_mean;oisst_75km_annual_mean_sst_anomaly_mean;oisst_75km_hot_days_p90_mean;lag1_oisst_75km_hot_days_p90_mean;cuti_anomaly;beuti_anomaly
D_actionable_decline_drop,actionable_decline_drop_next,M0_nearest_grid_baseline,nearest,Logistic Regression L2,temporal_holdout,none,1400,200,34,0.17,0.385560822844912,0.7761339475549256,1.0,0.18085106382978725,0.3063063063063063,0.536144578313253,0.3286634871889136,5,oisst_nearest_annual_mean_sst_anomaly_mean;oisst_nearest_hot_days_p90_mean;lag1_oisst_nearest_hot_days_p90_mean;cuti_anomaly;beuti_anomaly
D_actionable_decline_drop,actionable_decline_drop_next,M0_nearest_grid_baseline,nearest,Random Forest,temporal_holdout,none,1400,200,34,0.17,0.19927958418919053,0.5908043940467753,0.7647058823529411,0.23636363636363636,0.3611111111111111,0.6293408929836994,0.25841996589064736,5,oisst_nearest_annual_mean_sst_anomaly_mean;oisst_nearest_hot_days_p90_mean;lag1_oisst_nearest_hot_days_p90_mean;cuti_anomaly;beuti_anomaly
D_actionable_decline_drop,actionable_decline_drop_next,M1_idw_k4_main_interpolation,idw_k4,Logistic Regression L2,temporal_holdout,none,1400,200,34,0.17,0.3059235433884076,0.7590361445783133,1.0,0.17616580310880828,0.29955947136563876,0.5210843373493976,0.3441629587556495,4,oisst_idw_k4_annual_mean_sst_anomaly_idw;oisst_idw_k4_hot_days_p90_idw;cuti_anomaly;beuti_anomaly
D_actionable_decline_drop,actionable_decline_drop_next,M1_idw_k4_main_interpolation,idw_k4,Random Forest,temporal_holdout,none,1400,200,34,0.17,0.30227088362494603,0.6368710134656272,0.5,0.21518987341772153,0.3008849557522124,0.5632530120481928,0.21506329793225498,4,oisst_idw_k4_annual_mean_sst_anomaly_idw;oisst_idw_k4_hot_days_p90_idw;cuti_anomaly;beuti_anomaly
D_actionable_decline_drop,actionable_decline_drop_next,M2_idw_k8_sensitivity,idw_k8,Logistic Regression L2,temporal_holdout,none,1400,200,34,0.17,0.3062123214463854,0.7590361445783133,1.0,0.17616580310880828,0.29955947136563876,0.5210843373493976,0.3444577944921092,4,oisst_idw_k8_annual_mean_sst_anomaly_idw;oisst_idw_k8_hot_days_p90_idw;cuti_anomaly;beuti_anomaly
D_actionable_decline_drop,actionable_decline_drop_next,M2_idw_k8_sensitivity,idw_k8,Random Forest,temporal_holdout,none,1400,200,34,0.17,0.2698481497360258,0.6261516654854713,0.47058823529411764,0.2191780821917808,0.29906542056074764,0.5636073706591069,0.21850263909235187,4,oisst_idw_k8_annual_mean_sst_anomaly_idw;oisst_idw_k8_hot_days_p90_idw;cuti_anomaly;beuti_anomaly
D_actionable_decline_drop,actionable_decline_drop_next,M3_buffer_25km,25km,Logistic Regression L2,temporal_holdout,none,1400,200,34,0.17,0.37135129229869857,0.7725903614457831,1.0,0.17989417989417988,0.30493273542600896,0.5331325301204819,0.3318386500894831,5,oisst_25km_annual_mean_sst_anomaly_mean;oisst_25km_hot_days_p90_mean;lag1_oisst_25km_hot_days_p90_mean;cuti_anomaly;beuti_anomaly
D_actionable_decline_drop,actionable_decline_drop_next,M3_buffer_25km,25km,Random Forest,temporal_holdout,none,1400,200,34,0.17,0.16661769833456763,0.5147944720056697,0.5,0.1650485436893204,0.24817518248175183,0.49096385542168675,0.2525542845271672,5,oisst_25km_annual_mean_sst_anomaly_mean;oisst_25km_hot_days_p90_mean;lag1_oisst_25km_hot_days_p90_mean;cuti_anomaly;beuti_anomaly
D_actionable_decline_drop,actionable_decline_drop_next,M3_fixed_30km_buffer,30km,Logistic Regression L2,temporal_holdout,none,1400,200,34,0.17,0.3781434787236061,0.7771970233876683,1.0,0.17989417989417988,0.30493273542600896,0.5331325301204819,0.33034051237476975,5,oisst_30km_annual_mean_sst_anomaly_mean;oisst_30km_hot_days_p90_mean;lag1_oisst_30km_hot_days_p90_mean;cuti_anomaly;beuti_anomaly
D_actionable_decline_drop,actionable_decline_drop_next,M3_fixed_30km_buffer,30km,Random Forest,temporal_holdout,none,1400,200,34,0.17,0.17442164974127053,0.5303862508858965,0.4411764705882353,0.17045454545454544,0.2459016393442623,0.5007087172218285,0.24481171362011905,5,oisst_30km_annual_mean_sst_anomaly_mean;oisst_30km_hot_days_p90_mean;lag1_oisst_30km_hot_days_p90_mean;cuti_anomaly;beuti_anomaly
D_actionable_decline_drop,actionable_decline_drop_next,M3_buffer_50km,50km,Logistic Regression L2,temporal_holdout,none,1400,200,34,0.17,0.38698084279667583,0.7915485471296952,1.0,0.1827956989247312,0.3090909090909091,0.5421686746987951,0.32804369164908925,5,oisst_50km_annual_mean_sst_anomaly_mean;oisst_50km_hot_days_p90_mean;lag1_oisst_50km_hot_days_p90_mean;cuti_anomaly;beuti_anomaly
D_actionable_decline_drop,actionable_decline_drop_next,M3_buffer_50km,50km,Random Forest,temporal_holdout,none,1400,200,34,0.17,0.15615973673269007,0.476169383416017,0.4117647058823529,0.1308411214953271,0.19858156028368795,0.42576187101346563,0.26490463068621073,5,oisst_50km_annual_mean_sst_anomaly_mean;oisst_50km_hot_days_p90_mean;lag1_oisst_50km_hot_days_p90_mean;cuti_anomaly;beuti_anomaly
D_actionable_decline_drop,actionable_decline_drop_next,M3_buffer_75km,75km,Logistic Regression L2,temporal_holdout,none,1400,200,34,0.17,0.38390696243751754,0.7870304748405386,1.0,0.1827956989247312,0.3090909090909091,0.5421686746987951,0.3272237240384302,5,oisst_75km_annual_mean_sst_anomaly_mean;oisst_75km_hot_days_p90_mean;lag1_oisst_75km_hot_days_p90_mean;cuti_anomaly;beuti_anomaly
D_actionable_decline_drop,actionable_decline_drop_next,M3_buffer_75km,75km,Random Forest,temporal_holdout,none,1400,200,34,0.17,0.18868919799055778,0.5062012756909993,0.7058823529411765,0.1935483870967742,0.3037974683544304,0.5517363571934798,0.2632160637114304,5,oisst_75km_annual_mean_sst_anomaly_mean;oisst_75km_hot_days_p90_mean;lag1_oisst_75km_hot_days_p90_mean;cuti_anomaly;beuti_anomaly
D_actionable_decline_drop,actionable_decline_drop_next,M4_multiscale_l1_regularized,multi,Logistic Regression L1,temporal_holdout,none,1400,200,34,0.17,0.3493818952723855,0.7730333097094259,1.0,0.1837837837837838,0.3105022831050228,0.5451807228915663,0.3270859179581565,21,oisst_nearest_annual_mean_sst_anomaly_mean;oisst_nearest_hot_days_p90_mean;lag1_oisst_nearest_hot_days_p90_mean;oisst_idw_k4_annual_mean_sst_anomaly_idw;oisst_idw_k4_hot_days_p90_idw;oisst_idw_k8_annual_mean_sst_anomaly_idw;oisst_idw_k8_hot_days_p90_idw;oisst_25km_annual_mean_sst_anomaly_mean;oisst_25km_hot_days_p90_mean;lag1_oisst_25km_hot_days_p90_mean;oisst_30km_annual_mean_sst_anomaly_mean;oisst_30km_hot_days_p90_mean;lag1_oisst_30km_hot_days_p90_mean;oisst_50km_annual_mean_sst_anomaly_mean;oisst_50km_hot_days_p90_mean;lag1_oisst_50km_hot_days_p90_mean;oisst_75km_annual_mean_sst_anomaly_mean;oisst_75km_hot_days_p90_mean;lag1_oisst_75km_hot_days_p90_mean;cuti_anomaly;beuti_anomaly
D_actionable_decline_drop,actionable_decline_drop_next,M4_multiscale_random_forest,multi,Random Forest,temporal_holdout,none,1400,200,34,0.17,0.1516225716894824,0.4766123316796598,0.17647058823529413,0.07894736842105263,0.10909090909090909,0.37739192062367116,0.2752389477625674,21,oisst_nearest_annual_mean_sst_anomaly_mean;oisst_nearest_hot_days_p90_mean;lag1_oisst_nearest_hot_days_p90_mean;oisst_idw_k4_annual_mean_sst_anomaly_idw;oisst_idw_k4_hot_days_p90_idw;oisst_idw_k8_annual_mean_sst_anomaly_idw;oisst_idw_k8_hot_days_p90_idw;oisst_25km_annual_mean_sst_anomaly_mean;oisst_25km_hot_days_p90_mean;lag1_oisst_25km_hot_days_p90_mean;oisst_30km_annual_mean_sst_anomaly_mean;oisst_30km_hot_days_p90_mean;lag1_oisst_30km_hot_days_p90_mean;oisst_50km_annual_mean_sst_anomaly_mean;oisst_50km_hot_days_p90_mean;lag1_oisst_50km_hot_days_p90_mean;oisst_75km_annual_mean_sst_anomaly_mean;oisst_75km_hot_days_p90_mean;lag1_oisst_75km_hot_days_p90_mean;cuti_anomaly;beuti_anomaly
D_actionable_decline_drop,actionable_decline_drop_next,M0_nearest_grid_baseline,nearest,Logistic Regression L2,region_holdout,Central California,512,136,33,0.2426470588235294,0.7678248161253565,0.8692262430126508,0.7272727272727273,0.8,0.7619047619047619,0.8345101500441306,0.12995399327373822,5,oisst_nearest_annual_mean_sst_anomaly_mean;oisst_nearest_hot_days_p90_mean;lag1_oisst_nearest_hot_days_p90_mean;cuti_anomaly;beuti_anomaly
D_actionable_decline_drop,actionable_decline_drop_next,M0_nearest_grid_baseline,nearest,Random Forest,region_holdout,Central California,512,136,33,0.2426470588235294,0.7773468553982561,0.8765813474551338,0.5454545454545454,0.72,0.6206896551724138,0.7387466902030009,0.13576969154969099,5,oisst_nearest_annual_mean_sst_anomaly_mean;oisst_nearest_hot_days_p90_mean;lag1_oisst_nearest_hot_days_p90_mean;cuti_anomaly;beuti_anomaly
D_actionable_decline_drop,actionable_decline_drop_next,M1_idw_k4_main_interpolation,idw_k4,Logistic Regression L2,region_holdout,Central California,512,136,33,0.2426470588235294,0.800339846105427,0.8711385701676964,0.7575757575757576,0.7352941176470589,0.746268656716418,0.8350985583995293,0.14382928083308344,4,oisst_idw_k4_annual_mean_sst_anomaly_idw;oisst_idw_k4_hot_days_p90_idw;cuti_anomaly;beuti_anomaly
D_actionable_decline_drop,actionable_decline_drop_next,M1_idw_k4_main_interpolation,idw_k4,Random Forest,region_holdout,Central California,512,136,33,0.2426470588235294,0.701181362011218,0.8106796116504854,0.48484848484848486,0.8421052631578947,0.6153846153846154,0.7278611356281259,0.1290352107313412,4,oisst_idw_k4_annual_mean_sst_anomaly_idw;oisst_idw_k4_hot_days_p90_idw;cuti_anomaly;beuti_anomaly
D_actionable_decline_drop,actionable_decline_drop_next,M2_idw_k8_sensitivity,idw_k8,Logistic Regression L2,region_holdout,Central California,512,136,33,0.2426470588235294,0.7967442247847538,0.8717269785230951,0.7575757575757576,0.7352941176470589,0.746268656716418,0.8350985583995293,0.1430809235117111,4,oisst_idw_k8_annual_mean_sst_anomaly_idw;oisst_idw_k8_hot_days_p90_idw;cuti_anomaly;beuti_anomaly
D_actionable_decline_drop,actionable_decline_drop_next,M2_idw_k8_sensitivity,idw_k8,Random Forest,region_holdout,Central California,512,136,33,0.2426470588235294,0.7166609217665696,0.8336275375110326,0.48484848484848486,0.7619047619047619,0.5925925925925926,0.7181523977640483,0.12608677140389926,4,oisst_idw_k8_annual_mean_sst_anomaly_idw;oisst_idw_k8_hot_days_p90_idw;cuti_anomaly;beuti_anomaly
D_actionable_decline_drop,actionable_decline_drop_next,M3_buffer_25km,25km,Logistic Regression L2,region_holdout,Central California,512,136,33,0.2426470588235294,0.7539982496589084,0.8665784054133568,0.7272727272727273,0.8,0.7619047619047619,0.8345101500441306,0.13235646580487678,5,oisst_25km_annual_mean_sst_anomaly_mean;oisst_25km_hot_days_p90_mean;lag1_oisst_25km_hot_days_p90_mean;cuti_anomaly;beuti_anomaly
D_actionable_decline_drop,actionable_decline_drop_next,M3_buffer_25km,25km,Random Forest,region_holdout,Central California,512,136,33,0.2426470588235294,0.6926911730247804,0.8487790526625478,0.48484848484848486,0.64,0.5517241379310345,0.6987349220358929,0.14053728571249202,5,oisst_25km_annual_mean_sst_anomaly_mean;oisst_25km_hot_days_p90_mean;lag1_oisst_25km_hot_days_p90_mean;cuti_anomaly;beuti_anomaly
D_actionable_decline_drop,actionable_decline_drop_next,M3_fixed_30km_buffer,30km,Logistic Regression L2,region_holdout,Central California,512,136,33,0.2426470588235294,0.7566490498150584,0.8671668137687555,0.7272727272727273,0.7741935483870968,0.75,0.8296557811120918,0.13220683885848786,5,oisst_30km_annual_mean_sst_anomaly_mean;oisst_30km_hot_days_p90_mean;lag1_oisst_30km_hot_days_p90_mean;cuti_anomaly;beuti_anomaly
D_actionable_decline_drop,actionable_decline_drop_next,M3_fixed_30km_buffer,30km,Random Forest,region_holdout,Central California,512,136,33,0.2426470588235294,0.7271238412854888,0.8462783171521037,0.48484848484848486,0.6956521739130435,0.5714285714285714,0.7084436598999706,0.13913002070494293,5,oisst_30km_annual_mean_sst_anomaly_mean;oisst_30km_hot_days_p90_mean;lag1_oisst_30km_hot_days_p90_mean;cuti_anomaly;beuti_anomaly
D_actionable_decline_drop,actionable_decline_drop_next,M3_buffer_50km,50km,Logistic Regression L2,region_holdout,Central California,512,136,33,0.2426470588235294,0.7608598545294594,0.8709914680788468,0.7272727272727273,0.7272727272727273,0.7272727272727273,0.8199470432480142,0.13056384252784875,5,oisst_50km_annual_mean_sst_anomaly_mean;oisst_50km_hot_days_p90_mean;lag1_oisst_50km_hot_days_p90_mean;cuti_anomaly;beuti_anomaly
D_actionable_decline_drop,actionable_decline_drop_next,M3_buffer_50km,50km,Random Forest,region_holdout,Central California,512,136,33,0.2426470588235294,0.7369502394602339,0.8377463959988232,0.5151515151515151,0.68,0.5862068965517241,0.7187408061194469,0.12763938740344297,5,oisst_50km_annual_mean_sst_anomaly_mean;oisst_50km_hot_days_p90_mean;lag1_oisst_50km_hot_days_p90_mean;cuti_anomaly;beuti_anomaly
D_actionable_decline_drop,actionable_decline_drop_next,M3_buffer_75km,75km,Logistic Regression L2,region_holdout,Central California,512,136,33,0.2426470588235294,0.7690774841779136,0.8720211827007943,0.7878787878787878,0.7647058823529411,0.7761194029850746,0.8551044424830833,0.12910512445367844,5,oisst_75km_annual_mean_sst_anomaly_mean;oisst_75km_hot_days_p90_mean;lag1_oisst_75km_hot_days_p90_mean;cuti_anomaly;beuti_anomaly
D_actionable_decline_drop,actionable_decline_drop_next,M3_buffer_75km,75km,Random Forest,region_holdout,Central California,512,136,33,0.2426470588235294,0.7297941849155432,0.8602530155928215,0.36363636363636365,0.8,0.5,0.6672550750220654,0.12566805534943382,5,oisst_75km_annual_mean_sst_anomaly_mean;oisst_75km_hot_days_p90_mean;lag1_oisst_75km_hot_days_p90_mean;cuti_anomaly;beuti_anomaly
D_actionable_decline_drop,actionable_decline_drop_next,M4_multiscale_l1_regularized,multi,Logistic Regression L1,region_holdout,Central California,512,136,33,0.2426470588235294,0.7902201996813947,0.8508384819064431,0.7272727272727273,0.7058823529411765,0.7164179104477612,0.8150926743159753,0.1333967475795981,21,oisst_nearest_annual_mean_sst_anomaly_mean;oisst_nearest_hot_days_p90_mean;lag1_oisst_nearest_hot_days_p90_mean;oisst_idw_k4_annual_mean_sst_anomaly_idw;oisst_idw_k4_hot_days_p90_idw;oisst_idw_k8_annual_mean_sst_anomaly_idw;oisst_idw_k8_hot_days_p90_idw;oisst_25km_annual_mean_sst_anomaly_mean;oisst_25km_hot_days_p90_mean;lag1_oisst_25km_hot_days_p90_mean;oisst_30km_annual_mean_sst_anomaly_mean;oisst_30km_hot_days_p90_mean;lag1_oisst_30km_hot_days_p90_mean;oisst_50km_annual_mean_sst_anomaly_mean;oisst_50km_hot_days_p90_mean;lag1_oisst_50km_hot_days_p90_mean;oisst_75km_annual_mean_sst_anomaly_mean;oisst_75km_hot_days_p90_mean;lag1_oisst_75km_hot_days_p90_mean;cuti_anomaly;beuti_anomaly
D_actionable_decline_drop,actionable_decline_drop_next,M4_multiscale_random_forest,multi,Random Forest,region_holdout,Central California,512,136,33,0.2426470588235294,0.8027681635684336,0.8879082082965578,0.5454545454545454,0.8571428571428571,0.6666666666666666,0.7581641659311562,0.10866944333015637,21,oisst_nearest_annual_mean_sst_anomaly_mean;oisst_nearest_hot_days_p90_mean;lag1_oisst_nearest_hot_days_p90_mean;oisst_idw_k4_annual_mean_sst_anomaly_idw;oisst_idw_k4_hot_days_p90_idw;oisst_idw_k8_annual_mean_sst_anomaly_idw;oisst_idw_k8_hot_days_p90_idw;oisst_25km_annual_mean_sst_anomaly_mean;oisst_25km_hot_days_p90_mean;lag1_oisst_25km_hot_days_p90_mean;oisst_30km_annual_mean_sst_anomaly_mean;oisst_30km_hot_days_p90_mean;lag1_oisst_30km_hot_days_p90_mean;oisst_50km_annual_mean_sst_anomaly_mean;oisst_50km_hot_days_p90_mean;lag1_oisst_50km_hot_days_p90_mean;oisst_75km_annual_mean_sst_anomaly_mean;oisst_75km_hot_days_p90_mean;lag1_oisst_75km_hot_days_p90_mean;cuti_anomaly;beuti_anomaly
D_actionable_decline_drop,actionable_decline_drop_next,M0_nearest_grid_baseline,nearest,Logistic Regression L2,region_holdout,Northern California,1088,64,1,0.015625,0.07142857142857142,0.7936507936507936,1.0,0.01639344262295082,0.03225806451612903,0.5238095238095238,0.32728629874252413,5,oisst_nearest_annual_mean_sst_anomaly_mean;oisst_nearest_hot_days_p90_mean;lag1_oisst_nearest_hot_days_p90_mean;cuti_anomaly;beuti_anomaly
D_actionable_decline_drop,actionable_decline_drop_next,M0_nearest_grid_baseline,nearest,Random Forest,region_holdout,Northern California,1088,64,1,0.015625,0.1111111111111111,0.873015873015873,1.0,0.029411764705882353,0.05714285714285714,0.7380952380952381,0.24556104274780555,5,oisst_nearest_annual_mean_sst_anomaly_mean;oisst_nearest_hot_days_p90_mean;lag1_oisst_nearest_hot_days_p90_mean;cuti_anomaly;beuti_anomaly
D_actionable_decline_drop,actionable_decline_drop_next,M1_idw_k4_main_interpolation,idw_k4,Logistic Regression L2,region_holdout,Northern California,1088,64,1,0.015625,0.027777777777777776,0.4444444444444444,1.0,0.01639344262295082,0.03225806451612903,0.5238095238095238,0.32263791271881487,4,oisst_idw_k4_annual_mean_sst_anomaly_idw;oisst_idw_k4_hot_days_p90_idw;cuti_anomaly;beuti_anomaly
D_actionable_decline_drop,actionable_decline_drop_next,M1_idw_k4_main_interpolation,idw_k4,Random Forest,region_holdout,Northern California,1088,64,1,0.015625,0.027777777777777776,0.4444444444444444,0.0,0.0,0.0,0.46825396825396826,0.13306691314852917,4,oisst_idw_k4_annual_mean_sst_anomaly_idw;oisst_idw_k4_hot_days_p90_idw;cuti_anomaly;beuti_anomaly
D_actionable_decline_drop,actionable_decline_drop_next,M2_idw_k8_sensitivity,idw_k8,Logistic Regression L2,region_holdout,Northern California,1088,64,1,0.015625,0.027777777777777776,0.4444444444444444,1.0,0.01639344262295082,0.03225806451612903,0.5238095238095238,0.3243214576112207,4,oisst_idw_k8_annual_mean_sst_anomaly_idw;oisst_idw_k8_hot_days_p90_idw;cuti_anomaly;beuti_anomaly
D_actionable_decline_drop,actionable_decline_drop_next,M2_idw_k8_sensitivity,idw_k8,Random Forest,region_holdout,Northern California,1088,64,1,0.015625,0.03571428571428571,0.5714285714285714,0.0,0.0,0.0,0.5,0.11891990347992705,4,oisst_idw_k8_annual_mean_sst_anomaly_idw;oisst_idw_k8_hot_days_p90_idw;cuti_anomaly;beuti_anomaly
D_actionable_decline_drop,actionable_decline_drop_next,M3_buffer_25km,25km,Logistic Regression L2,region_holdout,Northern California,1088,64,1,0.015625,0.0625,0.7619047619047619,1.0,0.01639344262295082,0.03225806451612903,0.5238095238095238,0.3269300713871574,5,oisst_25km_annual_mean_sst_anomaly_mean;oisst_25km_hot_days_p90_mean;lag1_oisst_25km_hot_days_p90_mean;cuti_anomaly;beuti_anomaly
D_actionable_decline_drop,actionable_decline_drop_next,M3_buffer_25km,25km,Random Forest,region_holdout,Northern California,1088,64,1,0.015625,0.14285714285714285,0.9047619047619048,1.0,0.030303030303030304,0.058823529411764705,0.746031746031746,0.25906755644128354,5,oisst_25km_annual_mean_sst_anomaly_mean;oisst_25km_hot_days_p90_mean;lag1_oisst_25km_hot_days_p90_mean;cuti_anomaly;beuti_anomaly
D_actionable_decline_drop,actionable_decline_drop_next,M3_fixed_30km_buffer,30km,Logistic Regression L2,region_holdout,Northern California,1088,64,1,0.015625,0.07142857142857142,0.7936507936507937,1.0,0.01639344262295082,0.03225806451612903,0.5238095238095238,0.3257292071398271,5,oisst_30km_annual_mean_sst_anomaly_mean;oisst_30km_hot_days_p90_mean;lag1_oisst_30km_hot_days_p90_mean;cuti_anomaly;beuti_anomaly
D_actionable_decline_drop,actionable_decline_drop_next,M3_fixed_30km_buffer,30km,Random Forest,region_holdout,Northern California,1088,64,1,0.015625,0.14285714285714285,0.9047619047619048,1.0,0.030303030303030304,0.058823529411764705,0.746031746031746,0.26489977150915567,5,oisst_30km_annual_mean_sst_anomaly_mean;oisst_30km_hot_days_p90_mean;lag1_oisst_30km_hot_days_p90_mean;cuti_anomaly;beuti_anomaly
D_actionable_decline_drop,actionable_decline_drop_next,M3_buffer_50km,50km,Logistic Regression L2,region_holdout,Northern California,1088,64,1,0.015625,0.05555555555555555,0.7301587301587302,1.0,0.01639344262295082,0.03225806451612903,0.5238095238095238,0.3266153370809326,5,oisst_50km_annual_mean_sst_anomaly_mean;oisst_50km_hot_days_p90_mean;lag1_oisst_50km_hot_days_p90_mean;cuti_anomaly;beuti_anomaly
D_actionable_decline_drop,actionable_decline_drop_next,M3_buffer_50km,50km,Random Forest,region_holdout,Northern California,1088,64,1,0.015625,0.14285714285714285,0.9047619047619048,1.0,0.02702702702702703,0.05263157894736842,0.7142857142857143,0.26374945518794524,5,oisst_50km_annual_mean_sst_anomaly_mean;oisst_50km_hot_days_p90_mean;lag1_oisst_50km_hot_days_p90_mean;cuti_anomaly;beuti_anomaly
D_actionable_decline_drop,actionable_decline_drop_next,M3_buffer_75km,75km,Logistic Regression L2,region_holdout,Northern California,1088,64,1,0.015625,0.045454545454545456,0.6666666666666666,1.0,0.01639344262295082,0.03225806451612903,0.5238095238095238,0.33076729118465964,5,oisst_75km_annual_mean_sst_anomaly_mean;oisst_75km_hot_days_p90_mean;lag1_oisst_75km_hot_days_p90_mean;cuti_anomaly;beuti_anomaly
D_actionable_decline_drop,actionable_decline_drop_next,M3_buffer_75km,75km,Random Forest,region_holdout,Northern California,1088,64,1,0.015625,0.09090909090909091,0.8412698412698413,1.0,0.023255813953488372,0.045454545454545456,0.6666666666666666,0.30593543829466985,5,oisst_75km_annual_mean_sst_anomaly_mean;oisst_75km_hot_days_p90_mean;lag1_oisst_75km_hot_days_p90_mean;cuti_anomaly;beuti_anomaly
D_actionable_decline_drop,actionable_decline_drop_next,M4_multiscale_l1_regularized,multi,Logistic Regression L1,region_holdout,Northern California,1088,64,1,0.015625,0.03571428571428571,0.5714285714285714,1.0,0.017241379310344827,0.03389830508474576,0.5476190476190477,0.3131478399419615,21,oisst_nearest_annual_mean_sst_anomaly_mean;oisst_nearest_hot_days_p90_mean;lag1_oisst_nearest_hot_days_p90_mean;oisst_idw_k4_annual_mean_sst_anomaly_idw;oisst_idw_k4_hot_days_p90_idw;oisst_idw_k8_annual_mean_sst_anomaly_idw;oisst_idw_k8_hot_days_p90_idw;oisst_25km_annual_mean_sst_anomaly_mean;oisst_25km_hot_days_p90_mean;lag1_oisst_25km_hot_days_p90_mean;oisst_30km_annual_mean_sst_anomaly_mean;oisst_30km_hot_days_p90_mean;lag1_oisst_30km_hot_days_p90_mean;oisst_50km_annual_mean_sst_anomaly_mean;oisst_50km_hot_days_p90_mean;lag1_oisst_50km_hot_days_p90_mean;oisst_75km_annual_mean_sst_anomaly_mean;oisst_75km_hot_days_p90_mean;lag1_oisst_75km_hot_days_p90_mean;cuti_anomaly;beuti_anomaly
D_actionable_decline_drop,actionable_decline_drop_next,M4_multiscale_random_forest,multi,Random Forest,region_holdout,Northern California,1088,64,1,0.015625,0.08333333333333333,0.8253968253968254,1.0,0.03125,0.06060606060606061,0.753968253968254,0.26185759838380007,21,oisst_nearest_annual_mean_sst_anomaly_mean;oisst_nearest_hot_days_p90_mean;lag1_oisst_nearest_hot_days_p90_mean;oisst_idw_k4_annual_mean_sst_anomaly_idw;oisst_idw_k4_hot_days_p90_idw;oisst_idw_k8_annual_mean_sst_anomaly_idw;oisst_idw_k8_hot_days_p90_idw;oisst_25km_annual_mean_sst_anomaly_mean;oisst_25km_hot_days_p90_mean;lag1_oisst_25km_hot_days_p90_mean;oisst_30km_annual_mean_sst_anomaly_mean;oisst_30km_hot_days_p90_mean;lag1_oisst_30km_hot_days_p90_mean;oisst_50km_annual_mean_sst_anomaly_mean;oisst_50km_hot_days_p90_mean;lag1_oisst_50km_hot_days_p90_mean;oisst_75km_annual_mean_sst_anomaly_mean;oisst_75km_hot_days_p90_mean;lag1_oisst_75km_hot_days_p90_mean;cuti_anomaly;beuti_anomaly
